label,area,mean_intensity,integrated_density,filename,age,channel,region
1,18.0,108.16666666666667,1947.0,J995_AR _B4_slice6-Ort.czi,adult,glp1r,lower
2,47.0,132.91489361702128,6247.0,J995_AR _B4_slice6-Ort.czi,adult,glp1r,lower
3,3.0,111.33333333333333,334.0,J995_AR _B4_slice6-Ort.czi,adult,glp1r,lower
4,15.0,81.06666666666666,1216.0,J995_AR _B4_slice6-Ort.czi,adult,glp1r,lower
5,70.0,162.81428571428572,11397.0,J995_AR _B4_slice6-Ort.czi,adult,glp1r,lower
6,54.0,142.9814814814815,7721.000000000001,J995_AR _B4_slice6-Ort.czi,adult,glp1r,lower
7,75.0,122.34666666666666,9176.0,J995_AR _B4_slice6-Ort.czi,adult,glp1r,lower
8,5.0,150.2,751.0,J995_AR _B4_slice6-Ort.czi,adult,glp1r,lower
9,3.0,145.66666666666666,437.0,J995_AR _B4_slice6-Ort.czi,adult,glp1r,lower
10,2.0,39.0,78.0,J995_AR _B4_slice6-Ort.czi,adult,glp1r,lower
11,1.0,156.0,156.0,J995_AR _B4_slice6-Ort.czi,adult,glp1r,lower
12,4.0,108.25,433.0,J995_AR _B4_slice6-Ort.czi,adult,glp1r,lower
13,10.0,104.1,1041.0,J995_AR _B4_slice6-Ort.czi,adult,glp1r,lower
14,5.0,117.8,589.0,J995_AR _B4_slice6-Ort.czi,adult,glp1r,lower
15,1.0,95.0,95.0,J995_AR _B4_slice6-Ort.czi,adult,glp1r,lower
16,4.0,116.75,467.0,J995_AR _B4_slice6-Ort.czi,adult,glp1r,lower
17,14.0,109.07142857142857,1527.0,J995_AR _B4_slice6-Ort.czi,adult,glp1r,lower
18,54.0,176.33333333333334,9522.0,J995_AR _B4_slice6-Ort.czi,adult,glp1r,lower
19,28.0,118.92857142857143,3330.0,J995_AR _B4_slice6-Ort.czi,adult,glp1r,lower
20,41.0,167.65853658536585,6874.0,J995_AR _B4_slice6-Ort.czi,adult,glp1r,lower
21,22.0,99.18181818181819,2182.0,J995_AR _B4_slice6-Ort.czi,adult,glp1r,lower
22,42.0,103.4047619047619,4343.0,J995_AR _B4_slice6-Ort.czi,adult,glp1r,lower
23,29.0,151.6206896551724,4397.0,J995_AR _B4_slice6-Ort.czi,adult,glp1r,lower
24,62.0,125.66129032258064,7791.0,J995_AR _B4_slice6-Ort.czi,adult,glp1r,lower
25,23.0,126.65217391304348,2913.0,J995_AR _B4_slice6-Ort.czi,adult,glp1r,lower
26,21.0,114.61904761904762,2407.0,J995_AR _B4_slice6-Ort.czi,adult,glp1r,lower
27,68.0,150.9558823529412,10265.0,J995_AR _B4_slice6-Ort.czi,adult,glp1r,lower
28,49.0,144.0408163265306,7058.0,J995_AR _B4_slice6-Ort.czi,adult,glp1r,lower
29,53.0,94.54716981132076,5011.0,J995_AR _B4_slice6-Ort.czi,adult,glp1r,lower
30,52.0,199.09615384615384,10353.0,J995_AR _B4_slice6-Ort.czi,adult,glp1r,lower
31,52.0,156.44230769230768,8134.999999999999,J995_AR _B4_slice6-Ort.czi,adult,glp1r,lower
32,22.0,148.5,3267.0,J995_AR _B4_slice6-Ort.czi,adult,glp1r,lower
33,2.0,49.0,98.0,J995_AR _B4_slice6-Ort.czi,adult,glp1r,lower
34,23.0,137.47826086956522,3162.0,J995_AR _B4_slice6-Ort.czi,adult,glp1r,lower
35,41.0,147.5609756097561,6050.0,J995_AR _B4_slice6-Ort.czi,adult,glp1r,lower
36,49.0,178.22448979591837,8733.0,J995_AR _B4_slice6-Ort.czi,adult,glp1r,lower
37,34.0,175.5,5967.0,J995_AR _B4_slice6-Ort.czi,adult,glp1r,lower
38,23.0,132.47826086956522,3047.0,J995_AR _B4_slice6-Ort.czi,adult,glp1r,lower
39,26.0,157.65384615384616,4099.0,J995_AR _B4_slice6-Ort.czi,adult,glp1r,lower
40,33.0,104.60606060606061,3452.0,J995_AR _B4_slice6-Ort.czi,adult,glp1r,lower
41,275.0,161.50545454545454,44414.0,J995_AR _B4_slice6-Ort.czi,adult,glp1r,lower
42,25.0,91.12,2278.0,J995_AR _B4_slice6-Ort.czi,adult,glp1r,lower
43,1.0,119.0,119.0,J995_AR _B4_slice6-Ort.czi,adult,glp1r,lower
44,24.0,113.625,2727.0,J995_AR _B4_slice6-Ort.czi,adult,glp1r,lower
45,36.0,104.47222222222223,3761.0,J995_AR _B4_slice6-Ort.czi,adult,glp1r,lower
46,6.0,110.33333333333333,662.0,J995_AR _B4_slice6-Ort.czi,adult,glp1r,lower
47,18.0,186.66666666666666,3360.0,J995_AR _B4_slice6-Ort.czi,adult,glp1r,lower
48,59.0,122.08474576271186,7203.0,J995_AR _B4_slice6-Ort.czi,adult,glp1r,lower
49,5.0,129.8,649.0,J995_AR _B4_slice6-Ort.czi,adult,glp1r,lower
50,43.0,118.67441860465117,5103.0,J995_AR _B4_slice6-Ort.czi,adult,glp1r,lower
51,36.0,128.13888888888889,4613.0,J995_AR _B4_slice6-Ort.czi,adult,glp1r,lower
52,189.0,130.16931216931218,24602.0,J995_AR _B4_slice6-Ort.czi,adult,glp1r,lower
53,54.0,130.62962962962962,7053.999999999999,J995_AR _B4_slice6-Ort.czi,adult,glp1r,lower
54,4.0,53.5,214.0,J995_AR _B4_slice6-Ort.czi,adult,glp1r,lower
55,6.0,132.5,795.0,J995_AR _B4_slice6-Ort.czi,adult,glp1r,lower
56,15.0,163.6,2454.0,J995_AR _B4_slice6-Ort.czi,adult,glp1r,lower
57,94.0,117.43617021276596,11039.0,J995_AR _B4_slice6-Ort.czi,adult,glp1r,lower
58,2.0,111.0,222.0,J995_AR _B4_slice6-Ort.czi,adult,glp1r,lower
1,6.0,60.666666666666664,364.0,K738_ARC _B4_slice7-Ort.czi,adult,glp1r,lower
2,94.0,67.35106382978724,6331.0,K738_ARC _B4_slice7-Ort.czi,adult,glp1r,lower
3,10.0,37.4,374.0,K738_ARC _B4_slice7-Ort.czi,adult,glp1r,lower
4,12.0,39.0,468.0,K738_ARC _B4_slice7-Ort.czi,adult,glp1r,lower
5,40.0,41.45,1658.0,K738_ARC _B4_slice7-Ort.czi,adult,glp1r,lower
6,63.0,43.523809523809526,2742.0,K738_ARC _B4_slice7-Ort.czi,adult,glp1r,lower
7,15.0,49.2,738.0,K738_ARC _B4_slice7-Ort.czi,adult,glp1r,lower
8,33.0,51.03030303030303,1684.0,K738_ARC _B4_slice7-Ort.czi,adult,glp1r,lower
9,31.0,53.935483870967744,1672.0,K738_ARC _B4_slice7-Ort.czi,adult,glp1r,lower
10,48.0,42.958333333333336,2062.0,K738_ARC _B4_slice7-Ort.czi,adult,glp1r,lower
11,3.0,38.666666666666664,116.0,K738_ARC _B4_slice7-Ort.czi,adult,glp1r,lower
12,28.0,40.42857142857143,1132.0,K738_ARC _B4_slice7-Ort.czi,adult,glp1r,lower
13,100.0,61.21,6121.0,K738_ARC _B4_slice7-Ort.czi,adult,glp1r,lower
14,7.0,36.285714285714285,254.0,K738_ARC _B4_slice7-Ort.czi,adult,glp1r,lower
15,73.0,54.342465753424655,3967.0,K738_ARC _B4_slice7-Ort.czi,adult,glp1r,lower
16,53.0,52.0,2756.0,K738_ARC _B4_slice7-Ort.czi,adult,glp1r,lower
17,253.0,43.6798418972332,11051.0,K738_ARC _B4_slice7-Ort.czi,adult,glp1r,lower
18,20.0,34.4,688.0,K738_ARC _B4_slice7-Ort.czi,adult,glp1r,lower
19,32.0,51.96875,1663.0,K738_ARC _B4_slice7-Ort.czi,adult,glp1r,lower
20,8.0,44.125,353.0,K738_ARC _B4_slice7-Ort.czi,adult,glp1r,lower
21,43.0,74.48837209302326,3203.0,K738_ARC _B4_slice7-Ort.czi,adult,glp1r,lower
22,32.0,36.40625,1165.0,K738_ARC _B4_slice7-Ort.czi,adult,glp1r,lower
23,51.0,63.19607843137255,3223.0,K738_ARC _B4_slice7-Ort.czi,adult,glp1r,lower
24,131.0,86.31297709923665,11307.0,K738_ARC _B4_slice7-Ort.czi,adult,glp1r,lower
25,29.0,77.03448275862068,2234.0,K738_ARC _B4_slice7-Ort.czi,adult,glp1r,lower
26,37.0,50.24324324324324,1859.0,K738_ARC _B4_slice7-Ort.czi,adult,glp1r,lower
27,20.0,49.35,987.0,K738_ARC _B4_slice7-Ort.czi,adult,glp1r,lower
28,17.0,47.76470588235294,812.0,K738_ARC _B4_slice7-Ort.czi,adult,glp1r,lower
29,61.0,53.21311475409836,3246.0,K738_ARC _B4_slice7-Ort.czi,adult,glp1r,lower
30,140.0,64.00714285714285,8961.0,K738_ARC _B4_slice7-Ort.czi,adult,glp1r,lower
31,17.0,41.35294117647059,703.0,K738_ARC _B4_slice7-Ort.czi,adult,glp1r,lower
32,13.0,47.69230769230769,620.0,K738_ARC _B4_slice7-Ort.czi,adult,glp1r,lower
33,2.0,42.5,85.0,K738_ARC _B4_slice7-Ort.czi,adult,glp1r,lower
34,83.0,43.855421686746986,3640.0,K738_ARC _B4_slice7-Ort.czi,adult,glp1r,lower
35,54.0,39.77777777777778,2148.0,K738_ARC _B4_slice7-Ort.czi,adult,glp1r,lower
36,7.0,43.57142857142857,305.0,K738_ARC _B4_slice7-Ort.czi,adult,glp1r,lower
37,1.0,51.0,51.0,K738_ARC _B4_slice7-Ort.czi,adult,glp1r,lower
38,48.0,36.9375,1773.0,K738_ARC _B4_slice7-Ort.czi,adult,glp1r,lower
39,28.0,72.46428571428571,2028.9999999999998,K738_ARC _B4_slice7-Ort.czi,adult,glp1r,lower
40,79.0,41.30379746835443,3263.0,K738_ARC _B4_slice7-Ort.czi,adult,glp1r,lower
41,35.0,50.02857142857143,1751.0000000000002,K738_ARC _B4_slice7-Ort.czi,adult,glp1r,lower
42,70.0,60.5,4235.0,K738_ARC _B4_slice7-Ort.czi,adult,glp1r,lower
43,50.0,50.96,2548.0,K738_ARC _B4_slice7-Ort.czi,adult,glp1r,lower
44,27.0,48.51851851851852,1310.0,K738_ARC _B4_slice7-Ort.czi,adult,glp1r,lower
45,60.0,86.88333333333334,5213.0,K738_ARC _B4_slice7-Ort.czi,adult,glp1r,lower
46,5.0,23.0,115.0,K738_ARC _B4_slice7-Ort.czi,adult,glp1r,lower
47,65.0,44.276923076923076,2878.0,K738_ARC _B4_slice7-Ort.czi,adult,glp1r,lower
48,69.0,78.84057971014492,5440.0,K738_ARC _B4_slice7-Ort.czi,adult,glp1r,lower
49,9.0,33.44444444444444,301.0,K738_ARC _B4_slice7-Ort.czi,adult,glp1r,lower
50,59.0,45.57627118644068,2689.0,K738_ARC _B4_slice7-Ort.czi,adult,glp1r,lower
51,12.0,50.916666666666664,611.0,K738_ARC _B4_slice7-Ort.czi,adult,glp1r,lower
52,2.0,36.5,73.0,K738_ARC _B4_slice7-Ort.czi,adult,glp1r,lower
53,9.0,51.111111111111114,460.0,K738_ARC _B4_slice7-Ort.czi,adult,glp1r,lower
54,1.0,6.0,6.0,K738_ARC _B4_slice7-Ort.czi,adult,glp1r,lower
55,23.0,54.08695652173913,1244.0,K738_ARC _B4_slice7-Ort.czi,adult,glp1r,lower
56,54.0,108.5,5859.0,K738_ARC _B4_slice7-Ort.czi,adult,glp1r,lower
57,65.0,64.2,4173.0,K738_ARC _B4_slice7-Ort.czi,adult,glp1r,lower
58,70.0,43.47142857142857,3042.9999999999995,K738_ARC _B4_slice7-Ort.czi,adult,glp1r,lower
1,62.0,5.838709677419355,362.0,J995_ARC _B4_slice8-Ort.czi,adult,glp1r,lower
2,49.0,5.857142857142857,287.0,J995_ARC _B4_slice8-Ort.czi,adult,glp1r,lower
3,8081.0,9.317906199727757,75298.0,J995_ARC _B4_slice8-Ort.czi,adult,glp1r,lower
4,225.0,6.257777777777778,1408.0,J995_ARC _B4_slice8-Ort.czi,adult,glp1r,lower
5,141.0,5.9787234042553195,843.0,J995_ARC _B4_slice8-Ort.czi,adult,glp1r,lower
6,94.0,6.25531914893617,588.0,J995_ARC _B4_slice8-Ort.czi,adult,glp1r,lower
7,65.0,5.6461538461538465,367.0,J995_ARC _B4_slice8-Ort.czi,adult,glp1r,lower
8,90.0,6.166666666666667,555.0,J995_ARC _B4_slice8-Ort.czi,adult,glp1r,lower
9,51.0,6.078431372549019,310.0,J995_ARC _B4_slice8-Ort.czi,adult,glp1r,lower
10,57.0,5.964912280701754,340.0,J995_ARC _B4_slice8-Ort.czi,adult,glp1r,lower
11,113.0,7.778761061946903,879.0,J995_ARC _B4_slice8-Ort.czi,adult,glp1r,lower
12,52.0,5.711538461538462,297.0,J995_ARC _B4_slice8-Ort.czi,adult,glp1r,lower
13,13.0,5.0,65.0,J995_ARC _B4_slice8-Ort.czi,adult,glp1r,lower
14,1.0,7.0,7.0,J995_ARC _B4_slice8-Ort.czi,adult,glp1r,lower
15,20.0,6.15,123.0,J995_ARC _B4_slice8-Ort.czi,adult,glp1r,lower
16,10.0,5.5,55.0,J995_ARC _B4_slice8-Ort.czi,adult,glp1r,lower
17,319.0,6.821316614420063,2176.0,J995_ARC _B4_slice8-Ort.czi,adult,glp1r,lower
18,127.0,5.047244094488189,641.0,J995_ARC _B4_slice8-Ort.czi,adult,glp1r,lower
19,9.0,5.666666666666667,51.0,J995_ARC _B4_slice8-Ort.czi,adult,glp1r,lower
20,101687.0,7.908946079636531,804237.0,J995_ARC _B4_slice8-Ort.czi,adult,glp1r,lower
21,17.0,5.176470588235294,88.0,J995_ARC _B4_slice8-Ort.czi,adult,glp1r,lower
22,74.0,6.108108108108108,452.0,J995_ARC _B4_slice8-Ort.czi,adult,glp1r,lower
23,25.0,5.6,140.0,J995_ARC _B4_slice8-Ort.czi,adult,glp1r,lower
24,40.0,7.325,293.0,J995_ARC _B4_slice8-Ort.czi,adult,glp1r,lower
25,34.0,5.647058823529412,192.0,J995_ARC _B4_slice8-Ort.czi,adult,glp1r,lower
26,196.0,6.423469387755102,1259.0,J995_ARC _B4_slice8-Ort.czi,adult,glp1r,lower
27,135.0,6.214814814814815,839.0,J995_ARC _B4_slice8-Ort.czi,adult,glp1r,lower
28,116.0,7.172413793103448,832.0,J995_ARC _B4_slice8-Ort.czi,adult,glp1r,lower
29,35.0,10.771428571428572,377.0,J995_ARC _B4_slice8-Ort.czi,adult,glp1r,lower
30,43.0,6.116279069767442,263.0,J995_ARC _B4_slice8-Ort.czi,adult,glp1r,lower
31,22.0,6.454545454545454,142.0,J995_ARC _B4_slice8-Ort.czi,adult,glp1r,lower
32,27.0,5.481481481481482,148.0,J995_ARC _B4_slice8-Ort.czi,adult,glp1r,lower
33,4.0,9.0,36.0,J995_ARC _B4_slice8-Ort.czi,adult,glp1r,lower
34,1.0,5.0,5.0,J995_ARC _B4_slice8-Ort.czi,adult,glp1r,lower
35,8.0,7.75,62.0,J995_ARC _B4_slice8-Ort.czi,adult,glp1r,lower
36,89.0,4.550561797752809,405.0,J995_ARC _B4_slice8-Ort.czi,adult,glp1r,lower
37,186.0,6.247311827956989,1162.0,J995_ARC _B4_slice8-Ort.czi,adult,glp1r,lower
38,229.0,6.462882096069869,1480.0,J995_ARC _B4_slice8-Ort.czi,adult,glp1r,lower
39,32.0,7.0625,226.0,J995_ARC _B4_slice8-Ort.czi,adult,glp1r,lower
40,81.0,5.012345679012346,406.0,J995_ARC _B4_slice8-Ort.czi,adult,glp1r,lower
41,68.0,5.382352941176471,366.0,J995_ARC _B4_slice8-Ort.czi,adult,glp1r,lower
42,13.0,7.153846153846154,93.0,J995_ARC _B4_slice8-Ort.czi,adult,glp1r,lower
43,81.0,6.012345679012346,487.0,J995_ARC _B4_slice8-Ort.czi,adult,glp1r,lower
44,78.0,5.282051282051282,412.0,J995_ARC _B4_slice8-Ort.czi,adult,glp1r,lower
45,114.0,5.359649122807017,611.0,J995_ARC _B4_slice8-Ort.czi,adult,glp1r,lower
46,58742.0,6.345187429777672,372729.0,J995_ARC _B4_slice8-Ort.czi,adult,glp1r,lower
47,234.0,5.44017094017094,1273.0,J995_ARC _B4_slice8-Ort.czi,adult,glp1r,lower
48,19.0,6.0,114.0,J995_ARC _B4_slice8-Ort.czi,adult,glp1r,lower
49,161.0,5.490683229813665,884.0,J995_ARC _B4_slice8-Ort.czi,adult,glp1r,lower
50,122.0,11.852459016393443,1446.0,J995_ARC _B4_slice8-Ort.czi,adult,glp1r,lower
51,46.0,5.695652173913044,262.0,J995_ARC _B4_slice8-Ort.czi,adult,glp1r,lower
52,83908.0,6.217380941030653,521688.0,J995_ARC _B4_slice8-Ort.czi,adult,glp1r,lower
53,201.0,5.796019900497512,1165.0,J995_ARC _B4_slice8-Ort.czi,adult,glp1r,lower
54,257.0,5.4591439688715955,1403.0,J995_ARC _B4_slice8-Ort.czi,adult,glp1r,lower
55,38.0,9.552631578947368,363.0,J995_ARC _B4_slice8-Ort.czi,adult,glp1r,lower
56,87.0,5.586206896551724,486.0,J995_ARC _B4_slice8-Ort.czi,adult,glp1r,lower
57,83.0,5.783132530120482,480.0,J995_ARC _B4_slice8-Ort.czi,adult,glp1r,lower
58,88.0,6.3977272727272725,563.0,J995_ARC _B4_slice8-Ort.czi,adult,glp1r,lower
59,58.0,5.103448275862069,296.0,J995_ARC _B4_slice8-Ort.czi,adult,glp1r,lower
60,45.0,5.355555555555555,240.99999999999997,J995_ARC _B4_slice8-Ort.czi,adult,glp1r,lower
61,1.0,5.0,5.0,J995_ARC _B4_slice8-Ort.czi,adult,glp1r,lower
62,178.0,7.49438202247191,1334.0,J995_ARC _B4_slice8-Ort.czi,adult,glp1r,lower
63,236.0,6.059322033898305,1430.0,J995_ARC _B4_slice8-Ort.czi,adult,glp1r,lower
64,17.0,6.117647058823529,104.0,J995_ARC _B4_slice8-Ort.czi,adult,glp1r,lower
65,89.0,4.820224719101123,428.99999999999994,J995_ARC _B4_slice8-Ort.czi,adult,glp1r,lower
66,125.0,6.312,789.0,J995_ARC _B4_slice8-Ort.czi,adult,glp1r,lower
67,80.0,5.3625,429.0,J995_ARC _B4_slice8-Ort.czi,adult,glp1r,lower
68,16.0,7.6875,123.0,J995_ARC _B4_slice8-Ort.czi,adult,glp1r,lower
69,64.0,6.0625,388.0,J995_ARC _B4_slice8-Ort.czi,adult,glp1r,lower
70,30.0,6.133333333333334,184.0,J995_ARC _B4_slice8-Ort.czi,adult,glp1r,lower
71,22.0,6.545454545454546,144.0,J995_ARC _B4_slice8-Ort.czi,adult,glp1r,lower
72,315.0,6.406349206349207,2018.0,J995_ARC _B4_slice8-Ort.czi,adult,glp1r,lower
73,6.0,6.833333333333333,41.0,J995_ARC _B4_slice8-Ort.czi,adult,glp1r,lower
74,18.0,8.61111111111111,155.0,J995_ARC _B4_slice8-Ort.czi,adult,glp1r,lower
75,184.0,5.201086956521739,957.0,J995_ARC _B4_slice8-Ort.czi,adult,glp1r,lower
76,19.0,6.7368421052631575,128.0,J995_ARC _B4_slice8-Ort.czi,adult,glp1r,lower
77,59.0,5.8474576271186445,345.0,J995_ARC _B4_slice8-Ort.czi,adult,glp1r,lower
78,245.0,7.204081632653061,1765.0,J995_ARC _B4_slice8-Ort.czi,adult,glp1r,lower
79,31.0,7.354838709677419,228.0,J995_ARC _B4_slice8-Ort.czi,adult,glp1r,lower
80,25.0,7.72,193.0,J995_ARC _B4_slice8-Ort.czi,adult,glp1r,lower
81,1.0,4.0,4.0,J995_ARC _B4_slice8-Ort.czi,adult,glp1r,lower
82,25.0,6.56,164.0,J995_ARC _B4_slice8-Ort.czi,adult,glp1r,lower
83,34.0,6.147058823529412,209.0,J995_ARC _B4_slice8-Ort.czi,adult,glp1r,lower
84,32.0,5.28125,169.0,J995_ARC _B4_slice8-Ort.czi,adult,glp1r,lower
85,95.0,6.0,570.0,J995_ARC _B4_slice8-Ort.czi,adult,glp1r,lower
86,110.0,6.218181818181818,684.0,J995_ARC _B4_slice8-Ort.czi,adult,glp1r,lower
87,28.0,7.321428571428571,205.0,J995_ARC _B4_slice8-Ort.czi,adult,glp1r,lower
88,66.0,5.287878787878788,349.0,J995_ARC _B4_slice8-Ort.czi,adult,glp1r,lower
89,35.0,4.9714285714285715,174.0,J995_ARC _B4_slice8-Ort.czi,adult,glp1r,lower
90,52.0,6.384615384615385,332.0,J995_ARC _B4_slice8-Ort.czi,adult,glp1r,lower
91,98.0,6.316326530612245,619.0,J995_ARC _B4_slice8-Ort.czi,adult,glp1r,lower
92,33.0,6.303030303030303,208.0,J995_ARC _B4_slice8-Ort.czi,adult,glp1r,lower
93,13.0,7.153846153846154,93.0,J995_ARC _B4_slice8-Ort.czi,adult,glp1r,lower
94,82.0,5.402439024390244,443.0,J995_ARC _B4_slice8-Ort.czi,adult,glp1r,lower
95,62.0,5.032258064516129,312.0,J995_ARC _B4_slice8-Ort.czi,adult,glp1r,lower
96,26.0,8.153846153846153,212.0,J995_ARC _B4_slice8-Ort.czi,adult,glp1r,lower
97,98.0,4.928571428571429,483.0,J995_ARC _B4_slice8-Ort.czi,adult,glp1r,lower
98,11.0,5.454545454545454,59.99999999999999,J995_ARC _B4_slice8-Ort.czi,adult,glp1r,lower
99,1.0,8.0,8.0,J995_ARC _B4_slice8-Ort.czi,adult,glp1r,lower
100,155.0,6.2387096774193544,966.9999999999999,J995_ARC _B4_slice8-Ort.czi,adult,glp1r,lower
101,59.0,6.983050847457627,412.0,J995_ARC _B4_slice8-Ort.czi,adult,glp1r,lower
102,277.0,6.4296028880866425,1781.0,J995_ARC _B4_slice8-Ort.czi,adult,glp1r,lower
103,92.0,6.358695652173913,585.0,J995_ARC _B4_slice8-Ort.czi,adult,glp1r,lower
104,71.0,5.887323943661972,418.0,J995_ARC _B4_slice8-Ort.czi,adult,glp1r,lower
105,29.0,5.827586206896552,169.0,J995_ARC _B4_slice8-Ort.czi,adult,glp1r,lower
106,78.0,5.987179487179487,467.0,J995_ARC _B4_slice8-Ort.czi,adult,glp1r,lower
107,10.0,7.0,70.0,J995_ARC _B4_slice8-Ort.czi,adult,glp1r,lower
108,91.0,7.989010989010989,727.0,J995_ARC _B4_slice8-Ort.czi,adult,glp1r,lower
109,615.0,7.611382113821138,4681.0,J995_ARC _B4_slice8-Ort.czi,adult,glp1r,lower
110,81.0,7.592592592592593,615.0,J995_ARC _B4_slice8-Ort.czi,adult,glp1r,lower
111,27.0,6.481481481481482,175.0,J995_ARC _B4_slice8-Ort.czi,adult,glp1r,lower
112,194.0,7.597938144329897,1474.0,J995_ARC _B4_slice8-Ort.czi,adult,glp1r,lower
113,112.0,6.089285714285714,682.0,J995_ARC _B4_slice8-Ort.czi,adult,glp1r,lower
114,108.0,6.166666666666667,666.0,J995_ARC _B4_slice8-Ort.czi,adult,glp1r,lower
115,112.0,5.241071428571429,587.0,J995_ARC _B4_slice8-Ort.czi,adult,glp1r,lower
116,43.0,5.558139534883721,239.0,J995_ARC _B4_slice8-Ort.czi,adult,glp1r,lower
117,85.0,6.447058823529412,548.0,J995_ARC _B4_slice8-Ort.czi,adult,glp1r,lower
118,70.0,8.114285714285714,568.0,J995_ARC _B4_slice8-Ort.czi,adult,glp1r,lower
119,64.0,6.09375,390.0,J995_ARC _B4_slice8-Ort.czi,adult,glp1r,lower
120,668.0,6.772455089820359,4524.0,J995_ARC _B4_slice8-Ort.czi,adult,glp1r,lower
121,9.0,5.555555555555555,50.0,J995_ARC _B4_slice8-Ort.czi,adult,glp1r,lower
122,25.0,5.56,139.0,J995_ARC _B4_slice8-Ort.czi,adult,glp1r,lower
123,28.0,5.178571428571429,145.0,J995_ARC _B4_slice8-Ort.czi,adult,glp1r,lower
124,51.0,7.627450980392157,389.0,J995_ARC _B4_slice8-Ort.czi,adult,glp1r,lower
125,34.0,6.647058823529412,226.0,J995_ARC _B4_slice8-Ort.czi,adult,glp1r,lower
126,74.0,7.783783783783784,576.0,J995_ARC _B4_slice8-Ort.czi,adult,glp1r,lower
127,30.0,8.433333333333334,253.0,J995_ARC _B4_slice8-Ort.czi,adult,glp1r,lower
128,1308.0,7.981651376146789,10440.0,J995_ARC _B4_slice8-Ort.czi,adult,glp1r,lower
129,26.0,6.115384615384615,159.0,J995_ARC _B4_slice8-Ort.czi,adult,glp1r,lower
130,6.0,5.666666666666667,34.0,J995_ARC _B4_slice8-Ort.czi,adult,glp1r,lower
131,1.0,3.0,3.0,J995_ARC _B4_slice8-Ort.czi,adult,glp1r,lower
132,53.0,6.547169811320755,347.0,J995_ARC _B4_slice8-Ort.czi,adult,glp1r,lower
133,1038.0,6.641618497109826,6894.0,J995_ARC _B4_slice8-Ort.czi,adult,glp1r,lower
134,221.0,6.5565610859728505,1449.0,J995_ARC _B4_slice8-Ort.czi,adult,glp1r,lower
135,119.0,7.033613445378151,837.0,J995_ARC _B4_slice8-Ort.czi,adult,glp1r,lower
136,8.0,5.375,43.0,J995_ARC _B4_slice8-Ort.czi,adult,glp1r,lower
137,74.0,6.027027027027027,446.0,J995_ARC _B4_slice8-Ort.czi,adult,glp1r,lower
138,128.0,5.859375,750.0,J995_ARC _B4_slice8-Ort.czi,adult,glp1r,lower
139,28.0,7.821428571428571,219.0,J995_ARC _B4_slice8-Ort.czi,adult,glp1r,lower
140,2.0,6.0,12.0,J995_ARC _B4_slice8-Ort.czi,adult,glp1r,lower
141,47.0,5.25531914893617,247.0,J995_ARC _B4_slice8-Ort.czi,adult,glp1r,lower
142,100.0,6.21,621.0,J995_ARC _B4_slice8-Ort.czi,adult,glp1r,lower
143,5468.0,7.7635332845647405,42451.0,J995_ARC _B4_slice8-Ort.czi,adult,glp1r,lower
144,28.0,7.214285714285714,202.0,J995_ARC _B4_slice8-Ort.czi,adult,glp1r,lower
145,50.0,5.54,277.0,J995_ARC _B4_slice8-Ort.czi,adult,glp1r,lower
146,77.0,8.363636363636363,644.0,J995_ARC _B4_slice8-Ort.czi,adult,glp1r,lower
147,71.0,8.380281690140846,595.0000000000001,J995_ARC _B4_slice8-Ort.czi,adult,glp1r,lower
148,38.0,9.105263157894736,346.0,J995_ARC _B4_slice8-Ort.czi,adult,glp1r,lower
149,171.0,8.08187134502924,1382.0,J995_ARC _B4_slice8-Ort.czi,adult,glp1r,lower
150,337.0,6.29080118694362,2120.0,J995_ARC _B4_slice8-Ort.czi,adult,glp1r,lower
151,115.0,6.626086956521739,762.0,J995_ARC _B4_slice8-Ort.czi,adult,glp1r,lower
152,139.0,5.424460431654676,754.0,J995_ARC _B4_slice8-Ort.czi,adult,glp1r,lower
153,51.0,5.568627450980392,284.0,J995_ARC _B4_slice8-Ort.czi,adult,glp1r,lower
154,287.0,7.850174216027875,2253.0,J995_ARC _B4_slice8-Ort.czi,adult,glp1r,lower
155,43.0,5.4186046511627906,233.0,J995_ARC _B4_slice8-Ort.czi,adult,glp1r,lower
156,1006.0,6.193836978131213,6231.0,J995_ARC _B4_slice8-Ort.czi,adult,glp1r,lower
157,102.0,7.0,714.0,J995_ARC _B4_slice8-Ort.czi,adult,glp1r,lower
158,67.0,5.731343283582089,384.0,J995_ARC _B4_slice8-Ort.czi,adult,glp1r,lower
159,97.0,7.927835051546392,769.0,J995_ARC _B4_slice8-Ort.czi,adult,glp1r,lower
160,621.0,9.732689210950081,6044.0,J995_ARC _B4_slice8-Ort.czi,adult,glp1r,lower
161,109.0,8.44954128440367,921.0000000000001,J995_ARC _B4_slice8-Ort.czi,adult,glp1r,lower
162,79.0,7.417721518987341,586.0,J995_ARC _B4_slice8-Ort.czi,adult,glp1r,lower
163,84.0,6.214285714285714,522.0,J995_ARC _B4_slice8-Ort.czi,adult,glp1r,lower
164,40.0,6.85,274.0,J995_ARC _B4_slice8-Ort.czi,adult,glp1r,lower
165,105.0,6.542857142857143,687.0,J995_ARC _B4_slice8-Ort.czi,adult,glp1r,lower
166,191.0,6.476439790575916,1237.0,J995_ARC _B4_slice8-Ort.czi,adult,glp1r,lower
167,1147.0,5.6904969485614645,6527.0,J995_ARC _B4_slice8-Ort.czi,adult,glp1r,lower
168,52.0,6.865384615384615,357.0,J995_ARC _B4_slice8-Ort.czi,adult,glp1r,lower
169,190.0,8.057894736842105,1531.0,J995_ARC _B4_slice8-Ort.czi,adult,glp1r,lower
170,417.0,7.872901678657074,3283.0,J995_ARC _B4_slice8-Ort.czi,adult,glp1r,lower
171,1175.0,6.980425531914894,8202.0,J995_ARC _B4_slice8-Ort.czi,adult,glp1r,lower
172,2440.0,6.856147540983606,16729.0,J995_ARC _B4_slice8-Ort.czi,adult,glp1r,lower
173,188.0,6.952127659574468,1307.0,J995_ARC _B4_slice8-Ort.czi,adult,glp1r,lower
174,1234.0,6.561588330632091,8097.0,J995_ARC _B4_slice8-Ort.czi,adult,glp1r,lower
175,1669.0,11.2690233672858,18808.0,J995_ARC _B4_slice8-Ort.czi,adult,glp1r,lower
176,16.0,6.25,100.0,J995_ARC _B4_slice8-Ort.czi,adult,glp1r,lower
177,137.0,5.656934306569343,775.0,J995_ARC _B4_slice8-Ort.czi,adult,glp1r,lower
178,23.0,5.608695652173913,129.0,J995_ARC _B4_slice8-Ort.czi,adult,glp1r,lower
179,11.0,5.090909090909091,56.0,J995_ARC _B4_slice8-Ort.czi,adult,glp1r,lower
180,117.0,6.3931623931623935,748.0,J995_ARC _B4_slice8-Ort.czi,adult,glp1r,lower
181,452.0,8.84070796460177,3995.9999999999995,J995_ARC _B4_slice8-Ort.czi,adult,glp1r,lower
182,3005.0,8.365058236272878,25137.0,J995_ARC _B4_slice8-Ort.czi,adult,glp1r,lower
183,654.0,14.80428134556575,9682.0,J995_ARC _B4_slice8-Ort.czi,adult,glp1r,lower
184,328.0,9.509146341463415,3119.0,J995_ARC _B4_slice8-Ort.czi,adult,glp1r,lower
185,2360.0,8.052118644067797,19003.0,J995_ARC _B4_slice8-Ort.czi,adult,glp1r,lower
186,338.0,9.893491124260356,3344.0000000000005,J995_ARC _B4_slice8-Ort.czi,adult,glp1r,lower
1,4.0,51.25,205.0,J987_ARC _C3_slice5-Ort.czi,adult,glp1r,lower
2,23.0,63.78260869565217,1467.0,J987_ARC _C3_slice5-Ort.czi,adult,glp1r,lower
3,12.0,76.0,912.0,J987_ARC _C3_slice5-Ort.czi,adult,glp1r,lower
4,15.0,33.0,495.0,J987_ARC _C3_slice5-Ort.czi,adult,glp1r,lower
5,6.0,42.833333333333336,257.0,J987_ARC _C3_slice5-Ort.czi,adult,glp1r,lower
6,25.0,82.32,2058.0,J987_ARC _C3_slice5-Ort.czi,adult,glp1r,lower
7,2.0,73.5,147.0,J987_ARC _C3_slice5-Ort.czi,adult,glp1r,lower
8,90.0,35.93333333333333,3233.9999999999995,J987_ARC _C3_slice5-Ort.czi,adult,glp1r,lower
9,31.0,34.29032258064516,1063.0,J987_ARC _C3_slice5-Ort.czi,adult,glp1r,lower
10,17.0,45.1764705882353,768.0,J987_ARC _C3_slice5-Ort.czi,adult,glp1r,lower
11,14.0,53.642857142857146,751.0,J987_ARC _C3_slice5-Ort.czi,adult,glp1r,lower
12,63.0,41.92063492063492,2641.0,J987_ARC _C3_slice5-Ort.czi,adult,glp1r,lower
13,1.0,11.0,11.0,J987_ARC _C3_slice5-Ort.czi,adult,glp1r,lower
14,137.0,41.86861313868613,5736.0,J987_ARC _C3_slice5-Ort.czi,adult,glp1r,lower
15,14.0,46.714285714285715,654.0,J987_ARC _C3_slice5-Ort.czi,adult,glp1r,lower
16,41.0,42.24390243902439,1732.0,J987_ARC _C3_slice5-Ort.czi,adult,glp1r,lower
17,14.0,51.0,714.0,J987_ARC _C3_slice5-Ort.czi,adult,glp1r,lower
18,25.0,32.24,806.0,J987_ARC _C3_slice5-Ort.czi,adult,glp1r,lower
19,34.0,31.529411764705884,1072.0,J987_ARC _C3_slice5-Ort.czi,adult,glp1r,lower
20,57.0,39.21052631578947,2235.0,J987_ARC _C3_slice5-Ort.czi,adult,glp1r,lower
21,34.0,35.94117647058823,1222.0,J987_ARC _C3_slice5-Ort.czi,adult,glp1r,lower
22,11.0,27.90909090909091,307.0,J987_ARC _C3_slice5-Ort.czi,adult,glp1r,lower
23,121.0,45.66115702479339,5525.0,J987_ARC _C3_slice5-Ort.czi,adult,glp1r,lower
24,19.0,65.26315789473684,1239.9999999999998,J987_ARC _C3_slice5-Ort.czi,adult,glp1r,lower
25,1.0,91.0,91.0,J987_ARC _C3_slice5-Ort.czi,adult,glp1r,lower
26,43.0,37.74418604651163,1623.0,J987_ARC _C3_slice5-Ort.czi,adult,glp1r,lower
27,16.0,81.1875,1299.0,J987_ARC _C3_slice5-Ort.czi,adult,glp1r,lower
28,77.0,37.16883116883117,2862.0,J987_ARC _C3_slice5-Ort.czi,adult,glp1r,lower
29,61.0,45.0655737704918,2749.0,J987_ARC _C3_slice5-Ort.czi,adult,glp1r,lower
30,55.0,43.945454545454545,2417.0,J987_ARC _C3_slice5-Ort.czi,adult,glp1r,lower
31,82.0,36.451219512195124,2989.0,J987_ARC _C3_slice5-Ort.czi,adult,glp1r,lower
32,59.0,35.69491525423729,2106.0,J987_ARC _C3_slice5-Ort.czi,adult,glp1r,lower
33,23.0,47.391304347826086,1090.0,J987_ARC _C3_slice5-Ort.czi,adult,glp1r,lower
34,51.0,43.72549019607843,2230.0,J987_ARC _C3_slice5-Ort.czi,adult,glp1r,lower
35,3.0,71.0,213.0,J987_ARC _C3_slice5-Ort.czi,adult,glp1r,lower
36,39.0,37.794871794871796,1474.0,J987_ARC _C3_slice5-Ort.czi,adult,glp1r,lower
37,12.0,46.083333333333336,553.0,J987_ARC _C3_slice5-Ort.czi,adult,glp1r,lower
38,1.0,6.0,6.0,J987_ARC _C3_slice5-Ort.czi,adult,glp1r,lower
39,15.0,28.8,432.0,J987_ARC _C3_slice5-Ort.czi,adult,glp1r,lower
40,30.0,29.6,888.0,J987_ARC _C3_slice5-Ort.czi,adult,glp1r,lower
41,31.0,42.87096774193548,1329.0,J987_ARC _C3_slice5-Ort.czi,adult,glp1r,lower
42,103.0,34.16504854368932,3519.0000000000005,J987_ARC _C3_slice5-Ort.czi,adult,glp1r,lower
43,65.0,54.53846153846154,3545.0,J987_ARC _C3_slice5-Ort.czi,adult,glp1r,lower
44,1.0,74.0,74.0,J987_ARC _C3_slice5-Ort.czi,adult,glp1r,lower
45,233.0,47.27896995708154,11016.0,J987_ARC _C3_slice5-Ort.czi,adult,glp1r,lower
46,13.0,56.23076923076923,731.0,J987_ARC _C3_slice5-Ort.czi,adult,glp1r,lower
47,24.0,30.416666666666668,730.0,J987_ARC _C3_slice5-Ort.czi,adult,glp1r,lower
48,31.0,52.225806451612904,1619.0,J987_ARC _C3_slice5-Ort.czi,adult,glp1r,lower
49,39.0,40.1025641025641,1564.0,J987_ARC _C3_slice5-Ort.czi,adult,glp1r,lower
50,10.0,33.2,332.0,J987_ARC _C3_slice5-Ort.czi,adult,glp1r,lower
51,25.0,33.84,846.0000000000001,J987_ARC _C3_slice5-Ort.czi,adult,glp1r,lower
52,41.0,49.951219512195124,2048.0,J987_ARC _C3_slice5-Ort.czi,adult,glp1r,lower
53,65.0,52.246153846153845,3396.0,J987_ARC _C3_slice5-Ort.czi,adult,glp1r,lower
54,4.0,23.75,95.0,J987_ARC _C3_slice5-Ort.czi,adult,glp1r,lower
55,15.0,103.06666666666666,1546.0,J987_ARC _C3_slice5-Ort.czi,adult,glp1r,lower
56,45.0,45.15555555555556,2032.0000000000002,J987_ARC _C3_slice5-Ort.czi,adult,glp1r,lower
57,16.0,71.125,1138.0,J987_ARC _C3_slice5-Ort.czi,adult,glp1r,lower
58,17.0,30.058823529411764,511.0,J987_ARC _C3_slice5-Ort.czi,adult,glp1r,lower
59,37.0,48.432432432432435,1792.0,J987_ARC _C3_slice5-Ort.czi,adult,glp1r,lower
60,27.0,62.592592592592595,1690.0,J987_ARC _C3_slice5-Ort.czi,adult,glp1r,lower
61,84.0,37.44047619047619,3145.0,J987_ARC _C3_slice5-Ort.czi,adult,glp1r,lower
62,29.0,33.689655172413794,977.0,J987_ARC _C3_slice5-Ort.czi,adult,glp1r,lower
63,38.0,50.71052631578947,1927.0,J987_ARC _C3_slice5-Ort.czi,adult,glp1r,lower
64,2.0,39.0,78.0,J987_ARC _C3_slice5-Ort.czi,adult,glp1r,lower
65,69.0,44.79710144927536,3091.0,J987_ARC _C3_slice5-Ort.czi,adult,glp1r,lower
66,9.0,37.77777777777778,340.0,J987_ARC _C3_slice5-Ort.czi,adult,glp1r,lower
67,28.0,50.785714285714285,1422.0,J987_ARC _C3_slice5-Ort.czi,adult,glp1r,lower
68,16.0,56.375,902.0,J987_ARC _C3_slice5-Ort.czi,adult,glp1r,lower
69,10.0,54.8,548.0,J987_ARC _C3_slice5-Ort.czi,adult,glp1r,lower
70,10.0,46.4,464.0,J987_ARC _C3_slice5-Ort.czi,adult,glp1r,lower
71,4.0,85.75,343.0,J987_ARC _C3_slice5-Ort.czi,adult,glp1r,lower
72,6.0,29.666666666666668,178.0,J987_ARC _C3_slice5-Ort.czi,adult,glp1r,lower
73,5.0,37.6,188.0,J987_ARC _C3_slice5-Ort.czi,adult,glp1r,lower
74,12.0,38.833333333333336,466.0,J987_ARC _C3_slice5-Ort.czi,adult,glp1r,lower
75,93.0,35.73118279569893,3323.0000000000005,J987_ARC _C3_slice5-Ort.czi,adult,glp1r,lower
76,14.0,62.357142857142854,873.0,J987_ARC _C3_slice5-Ort.czi,adult,glp1r,lower
77,7.0,43.57142857142857,305.0,J987_ARC _C3_slice5-Ort.czi,adult,glp1r,lower
78,36.0,44.27777777777778,1594.0,J987_ARC _C3_slice5-Ort.czi,adult,glp1r,lower
79,82.0,59.59756097560975,4887.0,J987_ARC _C3_slice5-Ort.czi,adult,glp1r,lower
80,4.0,78.5,314.0,J987_ARC _C3_slice5-Ort.czi,adult,glp1r,lower
81,34.0,59.88235294117647,2036.0,J987_ARC _C3_slice5-Ort.czi,adult,glp1r,lower
82,28.0,93.03571428571429,2605.0,J987_ARC _C3_slice5-Ort.czi,adult,glp1r,lower
83,45.0,36.31111111111111,1634.0,J987_ARC _C3_slice5-Ort.czi,adult,glp1r,lower
84,65.0,55.353846153846156,3598.0,J987_ARC _C3_slice5-Ort.czi,adult,glp1r,lower
85,57.0,39.64912280701754,2260.0,J987_ARC _C3_slice5-Ort.czi,adult,glp1r,lower
86,12.0,35.583333333333336,427.0,J987_ARC _C3_slice5-Ort.czi,adult,glp1r,lower
87,64.0,33.875,2168.0,J987_ARC _C3_slice5-Ort.czi,adult,glp1r,lower
88,74.0,42.945945945945944,3178.0,J987_ARC _C3_slice5-Ort.czi,adult,glp1r,lower
89,63.0,48.19047619047619,3036.0,J987_ARC _C3_slice5-Ort.czi,adult,glp1r,lower
90,74.0,73.17567567567568,5415.0,J987_ARC _C3_slice5-Ort.czi,adult,glp1r,lower
91,4.0,24.5,98.0,J987_ARC _C3_slice5-Ort.czi,adult,glp1r,lower
92,7.0,44.0,308.0,J987_ARC _C3_slice5-Ort.czi,adult,glp1r,lower
93,28.0,43.857142857142854,1228.0,J987_ARC _C3_slice5-Ort.czi,adult,glp1r,lower
94,69.0,38.507246376811594,2657.0,J987_ARC _C3_slice5-Ort.czi,adult,glp1r,lower
95,7.0,54.714285714285715,383.0,J987_ARC _C3_slice5-Ort.czi,adult,glp1r,lower
96,4.0,20.25,81.0,J987_ARC _C3_slice5-Ort.czi,adult,glp1r,lower
97,96.0,54.020833333333336,5186.0,J987_ARC _C3_slice5-Ort.czi,adult,glp1r,lower
98,12.0,41.25,495.0,J987_ARC _C3_slice5-Ort.czi,adult,glp1r,lower
99,24.0,42.666666666666664,1024.0,J987_ARC _C3_slice5-Ort.czi,adult,glp1r,lower
100,19.0,72.47368421052632,1377.0,J987_ARC _C3_slice5-Ort.czi,adult,glp1r,lower
101,55.0,37.50909090909091,2063.0,J987_ARC _C3_slice5-Ort.czi,adult,glp1r,lower
102,4.0,22.75,91.0,J987_ARC _C3_slice5-Ort.czi,adult,glp1r,lower
103,9.0,82.88888888888889,746.0,J987_ARC _C3_slice5-Ort.czi,adult,glp1r,lower
104,9.0,62.333333333333336,561.0,J987_ARC _C3_slice5-Ort.czi,adult,glp1r,lower
105,42.0,42.38095238095238,1780.0,J987_ARC _C3_slice5-Ort.czi,adult,glp1r,lower
106,49.0,48.83673469387755,2393.0,J987_ARC _C3_slice5-Ort.czi,adult,glp1r,lower
107,2.0,33.0,66.0,J987_ARC _C3_slice5-Ort.czi,adult,glp1r,lower
108,7.0,30.714285714285715,215.0,J987_ARC _C3_slice5-Ort.czi,adult,glp1r,lower
109,23.0,68.08695652173913,1566.0,J987_ARC _C3_slice5-Ort.czi,adult,glp1r,lower
110,25.0,40.6,1015.0,J987_ARC _C3_slice5-Ort.czi,adult,glp1r,lower
111,7.0,27.0,189.0,J987_ARC _C3_slice5-Ort.czi,adult,glp1r,lower
112,11.0,50.45454545454545,555.0,J987_ARC _C3_slice5-Ort.czi,adult,glp1r,lower
113,30.0,49.3,1479.0,J987_ARC _C3_slice5-Ort.czi,adult,glp1r,lower
114,34.0,58.23529411764706,1980.0,J987_ARC _C3_slice5-Ort.czi,adult,glp1r,lower
115,50.0,35.58,1779.0,J987_ARC _C3_slice5-Ort.czi,adult,glp1r,lower
116,94.0,35.51063829787234,3338.0,J987_ARC _C3_slice5-Ort.czi,adult,glp1r,lower
117,110.0,41.845454545454544,4603.0,J987_ARC _C3_slice5-Ort.czi,adult,glp1r,lower
118,39.0,35.43589743589744,1382.0,J987_ARC _C3_slice5-Ort.czi,adult,glp1r,lower
119,104.0,58.92307692307692,6128.0,J987_ARC _C3_slice5-Ort.czi,adult,glp1r,lower
120,12.0,50.166666666666664,602.0,J987_ARC _C3_slice5-Ort.czi,adult,glp1r,lower
1,26.0,68.26923076923077,1775.0,J987_ARC _C3_slice4-Ort.czi,adult,glp1r,lower
2,20.0,84.65,1693.0,J987_ARC _C3_slice4-Ort.czi,adult,glp1r,lower
3,13.0,61.15384615384615,795.0,J987_ARC _C3_slice4-Ort.czi,adult,glp1r,lower
4,38.0,68.63157894736842,2608.0,J987_ARC _C3_slice4-Ort.czi,adult,glp1r,lower
5,72.0,82.93055555555556,5971.0,J987_ARC _C3_slice4-Ort.czi,adult,glp1r,lower
6,19.0,62.21052631578947,1182.0,J987_ARC _C3_slice4-Ort.czi,adult,glp1r,lower
7,10.0,72.9,729.0,J987_ARC _C3_slice4-Ort.czi,adult,glp1r,lower
8,21.0,54.23809523809524,1139.0,J987_ARC _C3_slice4-Ort.czi,adult,glp1r,lower
9,89.0,65.76404494382022,5853.0,J987_ARC _C3_slice4-Ort.czi,adult,glp1r,lower
10,23.0,53.869565217391305,1239.0,J987_ARC _C3_slice4-Ort.czi,adult,glp1r,lower
11,14.0,99.5,1393.0,J987_ARC _C3_slice4-Ort.czi,adult,glp1r,lower
12,16.0,73.125,1170.0,J987_ARC _C3_slice4-Ort.czi,adult,glp1r,lower
13,156.0,100.2051282051282,15632.0,J987_ARC _C3_slice4-Ort.czi,adult,glp1r,lower
14,29.0,107.27586206896552,3111.0,J987_ARC _C3_slice4-Ort.czi,adult,glp1r,lower
15,26.0,117.57692307692308,3057.0,J987_ARC _C3_slice4-Ort.czi,adult,glp1r,lower
16,38.0,86.6842105263158,3294.0,J987_ARC _C3_slice4-Ort.czi,adult,glp1r,lower
17,10.0,55.7,557.0,J987_ARC _C3_slice4-Ort.czi,adult,glp1r,lower
18,40.0,83.725,3349.0,J987_ARC _C3_slice4-Ort.czi,adult,glp1r,lower
19,1.0,121.0,121.0,J987_ARC _C3_slice4-Ort.czi,adult,glp1r,lower
20,81.0,62.074074074074076,5028.0,J987_ARC _C3_slice4-Ort.czi,adult,glp1r,lower
21,5.0,42.0,210.0,J987_ARC _C3_slice4-Ort.czi,adult,glp1r,lower
22,12.0,65.0,780.0,J987_ARC _C3_slice4-Ort.czi,adult,glp1r,lower
23,20.0,86.3,1726.0,J987_ARC _C3_slice4-Ort.czi,adult,glp1r,lower
24,57.0,92.9298245614035,5297.0,J987_ARC _C3_slice4-Ort.czi,adult,glp1r,lower
25,57.0,64.08771929824562,3653.0,J987_ARC _C3_slice4-Ort.czi,adult,glp1r,lower
26,3.0,42.0,126.0,J987_ARC _C3_slice4-Ort.czi,adult,glp1r,lower
27,8.0,68.0,544.0,J987_ARC _C3_slice4-Ort.czi,adult,glp1r,lower
28,1.0,49.0,49.0,J987_ARC _C3_slice4-Ort.czi,adult,glp1r,lower
29,1.0,59.0,59.0,J987_ARC _C3_slice4-Ort.czi,adult,glp1r,lower
30,84.0,70.76190476190476,5944.0,J987_ARC _C3_slice4-Ort.czi,adult,glp1r,lower
31,6.0,73.83333333333333,443.0,J987_ARC _C3_slice4-Ort.czi,adult,glp1r,lower
32,68.0,95.55882352941177,6498.0,J987_ARC _C3_slice4-Ort.czi,adult,glp1r,lower
33,3.0,43.333333333333336,130.0,J987_ARC _C3_slice4-Ort.czi,adult,glp1r,lower
34,19.0,63.94736842105263,1215.0,J987_ARC _C3_slice4-Ort.czi,adult,glp1r,lower
35,25.0,58.64,1466.0,J987_ARC _C3_slice4-Ort.czi,adult,glp1r,lower
36,167.0,67.05988023952096,11199.000000000002,J987_ARC _C3_slice4-Ort.czi,adult,glp1r,lower
37,35.0,59.05714285714286,2067.0,J987_ARC _C3_slice4-Ort.czi,adult,glp1r,lower
38,91.0,65.36263736263736,5948.0,J987_ARC _C3_slice4-Ort.czi,adult,glp1r,lower
39,7.0,57.42857142857143,402.0,J987_ARC _C3_slice4-Ort.czi,adult,glp1r,lower
40,33.0,69.87878787878788,2306.0,J987_ARC _C3_slice4-Ort.czi,adult,glp1r,lower
41,29.0,90.24137931034483,2617.0,J987_ARC _C3_slice4-Ort.czi,adult,glp1r,lower
42,4.0,56.0,224.0,J987_ARC _C3_slice4-Ort.czi,adult,glp1r,lower
43,5.0,45.4,227.0,J987_ARC _C3_slice4-Ort.czi,adult,glp1r,lower
44,4.0,57.25,229.0,J987_ARC _C3_slice4-Ort.czi,adult,glp1r,lower
45,8.0,103.75,830.0,J987_ARC _C3_slice4-Ort.czi,adult,glp1r,lower
46,13.0,90.61538461538461,1178.0,J987_ARC _C3_slice4-Ort.czi,adult,glp1r,lower
47,70.0,76.8,5376.0,J987_ARC _C3_slice4-Ort.czi,adult,glp1r,lower
48,8.0,49.375,395.0,J987_ARC _C3_slice4-Ort.czi,adult,glp1r,lower
49,26.0,58.07692307692308,1510.0,J987_ARC _C3_slice4-Ort.czi,adult,glp1r,lower
50,7.0,48.142857142857146,337.0,J987_ARC _C3_slice4-Ort.czi,adult,glp1r,lower
51,128.0,86.9921875,11135.0,J987_ARC _C3_slice4-Ort.czi,adult,glp1r,lower
52,22.0,62.36363636363637,1372.0,J987_ARC _C3_slice4-Ort.czi,adult,glp1r,lower
53,63.0,93.60317460317461,5897.0,J987_ARC _C3_slice4-Ort.czi,adult,glp1r,lower
54,28.0,85.21428571428571,2386.0,J987_ARC _C3_slice4-Ort.czi,adult,glp1r,lower
55,18.0,79.11111111111111,1424.0,J987_ARC _C3_slice4-Ort.czi,adult,glp1r,lower
56,3.0,68.66666666666667,206.0,J987_ARC _C3_slice4-Ort.czi,adult,glp1r,lower
57,92.0,61.56521739130435,5664.0,J987_ARC _C3_slice4-Ort.czi,adult,glp1r,lower
58,68.0,62.5735294117647,4255.0,J987_ARC _C3_slice4-Ort.czi,adult,glp1r,lower
59,17.0,86.76470588235294,1475.0,J987_ARC _C3_slice4-Ort.czi,adult,glp1r,lower
60,5.0,22.2,111.0,J987_ARC _C3_slice4-Ort.czi,adult,glp1r,lower
61,7.0,40.285714285714285,282.0,J987_ARC _C3_slice4-Ort.czi,adult,glp1r,lower
62,59.0,103.05084745762711,6080.0,J987_ARC _C3_slice4-Ort.czi,adult,glp1r,lower
63,22.0,69.54545454545455,1530.0,J987_ARC _C3_slice4-Ort.czi,adult,glp1r,lower
64,44.0,63.06818181818182,2775.0,J987_ARC _C3_slice4-Ort.czi,adult,glp1r,lower
65,66.0,64.56060606060606,4261.0,J987_ARC _C3_slice4-Ort.czi,adult,glp1r,lower
66,17.0,62.411764705882355,1061.0,J987_ARC _C3_slice4-Ort.czi,adult,glp1r,lower
67,63.0,74.85714285714286,4716.0,J987_ARC _C3_slice4-Ort.czi,adult,glp1r,lower
68,6.0,87.83333333333333,527.0,J987_ARC _C3_slice4-Ort.czi,adult,glp1r,lower
69,51.0,63.450980392156865,3236.0,J987_ARC _C3_slice4-Ort.czi,adult,glp1r,lower
70,60.0,65.65,3939.0000000000005,J987_ARC _C3_slice4-Ort.czi,adult,glp1r,lower
71,34.0,60.14705882352941,2045.0,J987_ARC _C3_slice4-Ort.czi,adult,glp1r,lower
72,73.0,65.4931506849315,4781.0,J987_ARC _C3_slice4-Ort.czi,adult,glp1r,lower
73,1.0,75.0,75.0,J987_ARC _C3_slice4-Ort.czi,adult,glp1r,lower
74,7.0,141.0,987.0,J987_ARC _C3_slice4-Ort.czi,adult,glp1r,lower
75,60.0,87.26666666666667,5236.0,J987_ARC _C3_slice4-Ort.czi,adult,glp1r,lower
76,40.0,70.225,2809.0,J987_ARC _C3_slice4-Ort.czi,adult,glp1r,lower
77,36.0,72.75,2619.0,J987_ARC _C3_slice4-Ort.czi,adult,glp1r,lower
78,1.0,51.0,51.0,J987_ARC _C3_slice4-Ort.czi,adult,glp1r,lower
79,14.0,55.285714285714285,774.0,J987_ARC _C3_slice4-Ort.czi,adult,glp1r,lower
80,51.0,62.15686274509804,3170.0,J987_ARC _C3_slice4-Ort.czi,adult,glp1r,lower
81,2.0,23.0,46.0,J987_ARC _C3_slice4-Ort.czi,adult,glp1r,lower
82,87.0,87.2183908045977,7588.0,J987_ARC _C3_slice4-Ort.czi,adult,glp1r,lower
83,45.0,72.28888888888889,3253.0,J987_ARC _C3_slice4-Ort.czi,adult,glp1r,lower
84,45.0,96.46666666666667,4341.0,J987_ARC _C3_slice4-Ort.czi,adult,glp1r,lower
85,63.0,87.52380952380952,5514.0,J987_ARC _C3_slice4-Ort.czi,adult,glp1r,lower
86,20.0,97.55,1951.0,J987_ARC _C3_slice4-Ort.czi,adult,glp1r,lower
87,35.0,85.08571428571429,2978.0,J987_ARC _C3_slice4-Ort.czi,adult,glp1r,lower
88,8.0,54.625,437.0,J987_ARC _C3_slice4-Ort.czi,adult,glp1r,lower
89,2.0,35.5,71.0,J987_ARC _C3_slice4-Ort.czi,adult,glp1r,lower
90,11.0,78.0909090909091,859.0,J987_ARC _C3_slice4-Ort.czi,adult,glp1r,lower
91,36.0,82.38888888888889,2966.0,J987_ARC _C3_slice4-Ort.czi,adult,glp1r,lower
92,9.0,110.88888888888889,998.0,J987_ARC _C3_slice4-Ort.czi,adult,glp1r,lower
93,6.0,59.833333333333336,359.0,J987_ARC _C3_slice4-Ort.czi,adult,glp1r,lower
94,47.0,75.55319148936171,3551.0000000000005,J987_ARC _C3_slice4-Ort.czi,adult,glp1r,lower
95,41.0,101.34146341463415,4155.0,J987_ARC _C3_slice4-Ort.czi,adult,glp1r,lower
96,4.0,71.0,284.0,J987_ARC _C3_slice4-Ort.czi,adult,glp1r,lower
97,21.0,57.38095238095238,1205.0,J987_ARC _C3_slice4-Ort.czi,adult,glp1r,lower
98,66.0,104.96969696969697,6928.0,J987_ARC _C3_slice4-Ort.czi,adult,glp1r,lower
99,6.0,65.33333333333333,392.0,J987_ARC _C3_slice4-Ort.czi,adult,glp1r,lower
100,3.0,49.666666666666664,149.0,J987_ARC _C3_slice4-Ort.czi,adult,glp1r,lower
101,77.0,99.71428571428571,7677.999999999999,J987_ARC _C3_slice4-Ort.czi,adult,glp1r,lower
102,45.0,89.97777777777777,4049.0,J987_ARC _C3_slice4-Ort.czi,adult,glp1r,lower
103,14.0,91.42857142857143,1280.0,J987_ARC _C3_slice4-Ort.czi,adult,glp1r,lower
104,67.0,80.44776119402985,5390.0,J987_ARC _C3_slice4-Ort.czi,adult,glp1r,lower
105,3.0,81.33333333333333,244.0,J987_ARC _C3_slice4-Ort.czi,adult,glp1r,lower
106,44.0,50.77272727272727,2234.0,J987_ARC _C3_slice4-Ort.czi,adult,glp1r,lower
107,11.0,66.9090909090909,736.0,J987_ARC _C3_slice4-Ort.czi,adult,glp1r,lower
108,3.0,72.66666666666667,218.0,J987_ARC _C3_slice4-Ort.czi,adult,glp1r,lower
109,50.0,72.3,3615.0,J987_ARC _C3_slice4-Ort.czi,adult,glp1r,lower
110,1.0,71.0,71.0,J987_ARC _C3_slice4-Ort.czi,adult,glp1r,lower
111,22.0,166.27272727272728,3658.0,J987_ARC _C3_slice4-Ort.czi,adult,glp1r,lower
112,101.0,88.68316831683168,8957.0,J987_ARC _C3_slice4-Ort.czi,adult,glp1r,lower
113,22.0,69.18181818181819,1522.0,J987_ARC _C3_slice4-Ort.czi,adult,glp1r,lower
114,64.0,109.375,7000.0,J987_ARC _C3_slice4-Ort.czi,adult,glp1r,lower
115,26.0,77.88461538461539,2025.0,J987_ARC _C3_slice4-Ort.czi,adult,glp1r,lower
116,8.0,88.75,710.0,J987_ARC _C3_slice4-Ort.czi,adult,glp1r,lower
117,107.0,112.55140186915888,12043.0,J987_ARC _C3_slice4-Ort.czi,adult,glp1r,lower
118,72.0,106.11111111111111,7640.0,J987_ARC _C3_slice4-Ort.czi,adult,glp1r,lower
119,8.0,72.375,579.0,J987_ARC _C3_slice4-Ort.czi,adult,glp1r,lower
120,1.0,50.0,50.0,J987_ARC _C3_slice4-Ort.czi,adult,glp1r,lower
121,24.0,145.08333333333334,3482.0,J987_ARC _C3_slice4-Ort.czi,adult,glp1r,lower
122,87.0,80.25287356321839,6982.0,J987_ARC _C3_slice4-Ort.czi,adult,glp1r,lower
123,82.0,129.0121951219512,10579.0,J987_ARC _C3_slice4-Ort.czi,adult,glp1r,lower
124,121.0,77.08264462809917,9327.0,J987_ARC _C3_slice4-Ort.czi,adult,glp1r,lower
125,15.0,59.2,888.0,J987_ARC _C3_slice4-Ort.czi,adult,glp1r,lower
126,3.0,134.66666666666666,404.0,J987_ARC _C3_slice4-Ort.czi,adult,glp1r,lower
127,62.0,86.66129032258064,5373.0,J987_ARC _C3_slice4-Ort.czi,adult,glp1r,lower
128,21.0,67.38095238095238,1415.0,J987_ARC _C3_slice4-Ort.czi,adult,glp1r,lower
129,5.0,54.2,271.0,J987_ARC _C3_slice4-Ort.czi,adult,glp1r,lower
130,4.0,110.0,440.0,J987_ARC _C3_slice4-Ort.czi,adult,glp1r,lower
131,31.0,145.74193548387098,4518.0,J987_ARC _C3_slice4-Ort.czi,adult,glp1r,lower
132,22.0,110.0909090909091,2422.0,J987_ARC _C3_slice4-Ort.czi,adult,glp1r,lower
133,51.0,111.6470588235294,5694.0,J987_ARC _C3_slice4-Ort.czi,adult,glp1r,lower
134,10.0,50.8,508.0,J987_ARC _C3_slice4-Ort.czi,adult,glp1r,lower
135,48.0,76.14583333333333,3655.0,J987_ARC _C3_slice4-Ort.czi,adult,glp1r,lower
136,78.0,110.07692307692308,8586.0,J987_ARC _C3_slice4-Ort.czi,adult,glp1r,lower
137,6.0,58.166666666666664,349.0,J987_ARC _C3_slice4-Ort.czi,adult,glp1r,lower
138,2.0,92.0,184.0,J987_ARC _C3_slice4-Ort.czi,adult,glp1r,lower
139,29.0,78.93103448275862,2289.0,J987_ARC _C3_slice4-Ort.czi,adult,glp1r,lower
140,71.0,48.478873239436616,3441.9999999999995,J987_ARC _C3_slice4-Ort.czi,adult,glp1r,lower
141,9.0,89.11111111111111,802.0,J987_ARC _C3_slice4-Ort.czi,adult,glp1r,lower
142,1.0,53.0,53.0,J987_ARC _C3_slice4-Ort.czi,adult,glp1r,lower
143,13.0,124.15384615384616,1614.0,J987_ARC _C3_slice4-Ort.czi,adult,glp1r,lower
144,29.0,84.24137931034483,2443.0,J987_ARC _C3_slice4-Ort.czi,adult,glp1r,lower
145,59.0,90.28813559322033,5327.0,J987_ARC _C3_slice4-Ort.czi,adult,glp1r,lower
146,56.0,68.67857142857143,3846.0,J987_ARC _C3_slice4-Ort.czi,adult,glp1r,lower
147,12.0,59.166666666666664,710.0,J987_ARC _C3_slice4-Ort.czi,adult,glp1r,lower
148,5.0,47.4,237.0,J987_ARC _C3_slice4-Ort.czi,adult,glp1r,lower
149,18.0,99.5,1791.0,J987_ARC _C3_slice4-Ort.czi,adult,glp1r,lower
150,32.0,166.34375,5323.0,J987_ARC _C3_slice4-Ort.czi,adult,glp1r,lower
151,8.0,82.75,662.0,J987_ARC _C3_slice4-Ort.czi,adult,glp1r,lower
152,10.0,48.1,481.0,J987_ARC _C3_slice4-Ort.czi,adult,glp1r,lower
153,1.0,41.0,41.0,J987_ARC _C3_slice4-Ort.czi,adult,glp1r,lower
154,83.0,86.42168674698796,7173.000000000001,J987_ARC _C3_slice4-Ort.czi,adult,glp1r,lower
1,23.0,60.52173913043478,1392.0,J987_ARC _C3_slice1-Ort.czi,adult,glp1r,lower
2,17.0,49.88235294117647,848.0,J987_ARC _C3_slice1-Ort.czi,adult,glp1r,lower
3,21.0,56.42857142857143,1185.0,J987_ARC _C3_slice1-Ort.czi,adult,glp1r,lower
4,42.0,35.214285714285715,1479.0,J987_ARC _C3_slice1-Ort.czi,adult,glp1r,lower
5,1.0,78.0,78.0,J987_ARC _C3_slice1-Ort.czi,adult,glp1r,lower
6,11.0,79.0909090909091,870.0,J987_ARC _C3_slice1-Ort.czi,adult,glp1r,lower
7,49.0,66.55102040816327,3261.0,J987_ARC _C3_slice1-Ort.czi,adult,glp1r,lower
8,2.0,49.5,99.0,J987_ARC _C3_slice1-Ort.czi,adult,glp1r,lower
9,5.0,70.0,350.0,J987_ARC _C3_slice1-Ort.czi,adult,glp1r,lower
10,25.0,62.6,1565.0,J987_ARC _C3_slice1-Ort.czi,adult,glp1r,lower
11,48.0,39.145833333333336,1879.0,J987_ARC _C3_slice1-Ort.czi,adult,glp1r,lower
12,53.0,55.83018867924528,2959.0,J987_ARC _C3_slice1-Ort.czi,adult,glp1r,lower
13,4.0,51.25,205.0,J987_ARC _C3_slice1-Ort.czi,adult,glp1r,lower
14,13.0,45.84615384615385,596.0,J987_ARC _C3_slice1-Ort.czi,adult,glp1r,lower
15,6.0,34.0,204.0,J987_ARC _C3_slice1-Ort.czi,adult,glp1r,lower
16,8.0,49.75,398.0,J987_ARC _C3_slice1-Ort.czi,adult,glp1r,lower
17,92.0,92.1413043478261,8477.0,J987_ARC _C3_slice1-Ort.czi,adult,glp1r,lower
18,25.0,34.52,863.0000000000001,J987_ARC _C3_slice1-Ort.czi,adult,glp1r,lower
19,17.0,42.11764705882353,716.0,J987_ARC _C3_slice1-Ort.czi,adult,glp1r,lower
20,19.0,53.73684210526316,1021.0,J987_ARC _C3_slice1-Ort.czi,adult,glp1r,lower
21,114.0,66.28070175438596,7555.999999999999,J987_ARC _C3_slice1-Ort.czi,adult,glp1r,lower
22,1.0,24.0,24.0,J987_ARC _C3_slice1-Ort.czi,adult,glp1r,lower
23,1.0,20.0,20.0,J987_ARC _C3_slice1-Ort.czi,adult,glp1r,lower
24,20.0,60.85,1217.0,J987_ARC _C3_slice1-Ort.czi,adult,glp1r,lower
25,119.0,81.1344537815126,9655.0,J987_ARC _C3_slice1-Ort.czi,adult,glp1r,lower
26,63.0,34.96825396825397,2203.0,J987_ARC _C3_slice1-Ort.czi,adult,glp1r,lower
27,6.0,43.166666666666664,259.0,J987_ARC _C3_slice1-Ort.czi,adult,glp1r,lower
28,98.0,80.4795918367347,7887.0,J987_ARC _C3_slice1-Ort.czi,adult,glp1r,lower
29,35.0,45.6,1596.0,J987_ARC _C3_slice1-Ort.czi,adult,glp1r,lower
30,1.0,32.0,32.0,J987_ARC _C3_slice1-Ort.czi,adult,glp1r,lower
31,9.0,48.22222222222222,434.0,J987_ARC _C3_slice1-Ort.czi,adult,glp1r,lower
32,90.0,85.64444444444445,7708.0,J987_ARC _C3_slice1-Ort.czi,adult,glp1r,lower
33,21.0,60.476190476190474,1270.0,J987_ARC _C3_slice1-Ort.czi,adult,glp1r,lower
34,6.0,63.833333333333336,383.0,J987_ARC _C3_slice1-Ort.czi,adult,glp1r,lower
35,8.0,75.75,606.0,J987_ARC _C3_slice1-Ort.czi,adult,glp1r,lower
36,61.0,50.98360655737705,3110.0,J987_ARC _C3_slice1-Ort.czi,adult,glp1r,lower
37,96.0,82.47916666666667,7918.0,J987_ARC _C3_slice1-Ort.czi,adult,glp1r,lower
38,8.0,59.125,473.0,J987_ARC _C3_slice1-Ort.czi,adult,glp1r,lower
39,6.0,63.5,381.0,J987_ARC _C3_slice1-Ort.czi,adult,glp1r,lower
40,20.0,80.85,1617.0,J987_ARC _C3_slice1-Ort.czi,adult,glp1r,lower
41,44.0,66.0909090909091,2908.0,J987_ARC _C3_slice1-Ort.czi,adult,glp1r,lower
42,3.0,16.0,48.0,J987_ARC _C3_slice1-Ort.czi,adult,glp1r,lower
43,58.0,52.03448275862069,3018.0,J987_ARC _C3_slice1-Ort.czi,adult,glp1r,lower
44,12.0,86.66666666666667,1040.0,J987_ARC _C3_slice1-Ort.czi,adult,glp1r,lower
45,26.0,40.0,1040.0,J987_ARC _C3_slice1-Ort.czi,adult,glp1r,lower
46,3.0,44.666666666666664,134.0,J987_ARC _C3_slice1-Ort.czi,adult,glp1r,lower
47,53.0,64.30188679245283,3408.0,J987_ARC _C3_slice1-Ort.czi,adult,glp1r,lower
48,27.0,58.96296296296296,1592.0,J987_ARC _C3_slice1-Ort.czi,adult,glp1r,lower
49,15.0,37.6,564.0,J987_ARC _C3_slice1-Ort.czi,adult,glp1r,lower
50,68.0,87.79411764705883,5970.0,J987_ARC _C3_slice1-Ort.czi,adult,glp1r,lower
51,3.0,48.666666666666664,146.0,J987_ARC _C3_slice1-Ort.czi,adult,glp1r,lower
52,12.0,51.25,615.0,J987_ARC _C3_slice1-Ort.czi,adult,glp1r,lower
53,8.0,54.5,436.0,J987_ARC _C3_slice1-Ort.czi,adult,glp1r,lower
54,10.0,47.1,471.0,J987_ARC _C3_slice1-Ort.czi,adult,glp1r,lower
55,18.0,50.22222222222222,904.0,J987_ARC _C3_slice1-Ort.czi,adult,glp1r,lower
56,12.0,43.416666666666664,521.0,J987_ARC _C3_slice1-Ort.czi,adult,glp1r,lower
57,19.0,62.21052631578947,1182.0,J987_ARC _C3_slice1-Ort.czi,adult,glp1r,lower
58,26.0,105.8076923076923,2751.0,J987_ARC _C3_slice1-Ort.czi,adult,glp1r,lower
59,6.0,57.833333333333336,347.0,J987_ARC _C3_slice1-Ort.czi,adult,glp1r,lower
60,26.0,133.6153846153846,3474.0,J987_ARC _C3_slice1-Ort.czi,adult,glp1r,lower
1,40.0,50.975,2039.0,J987_ARC _C3_slice8-Ort.czi,adult,glp1r,lower
2,1.0,38.0,38.0,J987_ARC _C3_slice8-Ort.czi,adult,glp1r,lower
3,8.0,62.75,502.0,J987_ARC _C3_slice8-Ort.czi,adult,glp1r,lower
4,3.0,20.666666666666668,62.0,J987_ARC _C3_slice8-Ort.czi,adult,glp1r,lower
5,14.0,55.214285714285715,773.0,J987_ARC _C3_slice8-Ort.czi,adult,glp1r,lower
6,50.0,48.86,2443.0,J987_ARC _C3_slice8-Ort.czi,adult,glp1r,lower
7,1.0,10.0,10.0,J987_ARC _C3_slice8-Ort.czi,adult,glp1r,lower
8,13.0,32.23076923076923,419.00000000000006,J987_ARC _C3_slice8-Ort.czi,adult,glp1r,lower
9,40.0,43.7,1748.0,J987_ARC _C3_slice8-Ort.czi,adult,glp1r,lower
10,7.0,36.857142857142854,258.0,J987_ARC _C3_slice8-Ort.czi,adult,glp1r,lower
11,55.0,37.0,2035.0,J987_ARC _C3_slice8-Ort.czi,adult,glp1r,lower
12,92.0,46.619565217391305,4289.0,J987_ARC _C3_slice8-Ort.czi,adult,glp1r,lower
13,65.0,40.58461538461538,2638.0,J987_ARC _C3_slice8-Ort.czi,adult,glp1r,lower
14,2.0,14.5,29.0,J987_ARC _C3_slice8-Ort.czi,adult,glp1r,lower
15,26.0,48.0,1248.0,J987_ARC _C3_slice8-Ort.czi,adult,glp1r,lower
16,33.0,54.0,1782.0,J987_ARC _C3_slice8-Ort.czi,adult,glp1r,lower
17,20.0,63.6,1272.0,J987_ARC _C3_slice8-Ort.czi,adult,glp1r,lower
18,18.0,82.55555555555556,1486.0,J987_ARC _C3_slice8-Ort.czi,adult,glp1r,lower
19,1.0,18.0,18.0,J987_ARC _C3_slice8-Ort.czi,adult,glp1r,lower
20,13.0,73.61538461538461,957.0,J987_ARC _C3_slice8-Ort.czi,adult,glp1r,lower
21,47.0,49.723404255319146,2337.0,J987_ARC _C3_slice8-Ort.czi,adult,glp1r,lower
22,62.0,60.596774193548384,3757.0,J987_ARC _C3_slice8-Ort.czi,adult,glp1r,lower
23,13.0,39.07692307692308,508.00000000000006,J987_ARC _C3_slice8-Ort.czi,adult,glp1r,lower
24,62.0,65.8225806451613,4081.0000000000005,J987_ARC _C3_slice8-Ort.czi,adult,glp1r,lower
25,14.0,61.285714285714285,858.0,J987_ARC _C3_slice8-Ort.czi,adult,glp1r,lower
26,25.0,48.36,1209.0,J987_ARC _C3_slice8-Ort.czi,adult,glp1r,lower
27,7.0,50.57142857142857,354.0,J987_ARC _C3_slice8-Ort.czi,adult,glp1r,lower
28,78.0,33.43589743589744,2608.0,J987_ARC _C3_slice8-Ort.czi,adult,glp1r,lower
29,2.0,13.5,27.0,J987_ARC _C3_slice8-Ort.czi,adult,glp1r,lower
30,46.0,54.02173913043478,2485.0,J987_ARC _C3_slice8-Ort.czi,adult,glp1r,lower
31,101.0,62.05940594059406,6268.0,J987_ARC _C3_slice8-Ort.czi,adult,glp1r,lower
32,9.0,22.11111111111111,199.0,J987_ARC _C3_slice8-Ort.czi,adult,glp1r,lower
33,26.0,51.73076923076923,1345.0,J987_ARC _C3_slice8-Ort.czi,adult,glp1r,lower
34,13.0,33.92307692307692,440.99999999999994,J987_ARC _C3_slice8-Ort.czi,adult,glp1r,lower
35,52.0,45.69230769230769,2376.0,J987_ARC _C3_slice8-Ort.czi,adult,glp1r,lower
1,23.0,29.08695652173913,669.0,J995_ARC _B4_slice7-Ort.czi,adult,glp1r,lower
2,4.0,40.0,160.0,J995_ARC _B4_slice7-Ort.czi,adult,glp1r,lower
3,7.0,26.571428571428573,186.0,J995_ARC _B4_slice7-Ort.czi,adult,glp1r,lower
4,104.0,32.47115384615385,3377.0,J995_ARC _B4_slice7-Ort.czi,adult,glp1r,lower
5,5.0,27.2,136.0,J995_ARC _B4_slice7-Ort.czi,adult,glp1r,lower
6,7.0,23.428571428571427,164.0,J995_ARC _B4_slice7-Ort.czi,adult,glp1r,lower
7,7.0,31.714285714285715,222.0,J995_ARC _B4_slice7-Ort.czi,adult,glp1r,lower
8,29.0,27.93103448275862,810.0,J995_ARC _B4_slice7-Ort.czi,adult,glp1r,lower
9,17.0,27.764705882352942,472.0,J995_ARC _B4_slice7-Ort.czi,adult,glp1r,lower
10,42.0,23.238095238095237,976.0,J995_ARC _B4_slice7-Ort.czi,adult,glp1r,lower
11,9.0,28.88888888888889,260.0,J995_ARC _B4_slice7-Ort.czi,adult,glp1r,lower
12,50.0,22.9,1145.0,J995_ARC _B4_slice7-Ort.czi,adult,glp1r,lower
13,26.0,34.73076923076923,903.0000000000001,J995_ARC _B4_slice7-Ort.czi,adult,glp1r,lower
14,22.0,40.0,880.0,J995_ARC _B4_slice7-Ort.czi,adult,glp1r,lower
15,4.0,23.5,94.0,J995_ARC _B4_slice7-Ort.czi,adult,glp1r,lower
16,24.0,22.666666666666668,544.0,J995_ARC _B4_slice7-Ort.czi,adult,glp1r,lower
17,11.0,45.0,495.0,J995_ARC _B4_slice7-Ort.czi,adult,glp1r,lower
18,95.0,30.86315789473684,2932.0,J995_ARC _B4_slice7-Ort.czi,adult,glp1r,lower
19,1.0,23.0,23.0,J995_ARC _B4_slice7-Ort.czi,adult,glp1r,lower
20,15.0,28.733333333333334,431.0,J995_ARC _B4_slice7-Ort.czi,adult,glp1r,lower
21,9.0,27.22222222222222,245.0,J995_ARC _B4_slice7-Ort.czi,adult,glp1r,lower
22,7.0,45.285714285714285,317.0,J995_ARC _B4_slice7-Ort.czi,adult,glp1r,lower
23,16.0,26.0625,417.0,J995_ARC _B4_slice7-Ort.czi,adult,glp1r,lower
24,99.0,31.1010101010101,3079.0,J995_ARC _B4_slice7-Ort.czi,adult,glp1r,lower
25,23.0,44.65217391304348,1027.0,J995_ARC _B4_slice7-Ort.czi,adult,glp1r,lower
26,158.0,36.61392405063291,5785.0,J995_ARC _B4_slice7-Ort.czi,adult,glp1r,lower
27,222.0,32.67567567567568,7254.0,J995_ARC _B4_slice7-Ort.czi,adult,glp1r,lower
28,76.0,33.05263157894737,2512.0,J995_ARC _B4_slice7-Ort.czi,adult,glp1r,lower
29,104.0,34.50961538461539,3589.0,J995_ARC _B4_slice7-Ort.czi,adult,glp1r,lower
30,86.0,53.16279069767442,4572.0,J995_ARC _B4_slice7-Ort.czi,adult,glp1r,lower
31,85.0,29.58823529411765,2515.0,J995_ARC _B4_slice7-Ort.czi,adult,glp1r,lower
32,158.0,33.77215189873418,5336.0,J995_ARC _B4_slice7-Ort.czi,adult,glp1r,lower
33,2.0,17.0,34.0,J995_ARC _B4_slice7-Ort.czi,adult,glp1r,lower
34,11.0,27.0,297.0,J995_ARC _B4_slice7-Ort.czi,adult,glp1r,lower
35,46.0,23.58695652173913,1085.0,J995_ARC _B4_slice7-Ort.czi,adult,glp1r,lower
36,27.0,34.370370370370374,928.0000000000001,J995_ARC _B4_slice7-Ort.czi,adult,glp1r,lower
37,35.0,28.2,987.0,J995_ARC _B4_slice7-Ort.czi,adult,glp1r,lower
38,118.0,46.96610169491525,5542.0,J995_ARC _B4_slice7-Ort.czi,adult,glp1r,lower
39,33.0,27.151515151515152,896.0,J995_ARC _B4_slice7-Ort.czi,adult,glp1r,lower
40,54.0,27.296296296296298,1474.0,J995_ARC _B4_slice7-Ort.czi,adult,glp1r,lower
41,71.0,25.211267605633804,1790.0,J995_ARC _B4_slice7-Ort.czi,adult,glp1r,lower
42,38.0,48.21052631578947,1832.0,J995_ARC _B4_slice7-Ort.czi,adult,glp1r,lower
43,51.0,33.01960784313726,1684.0000000000002,J995_ARC _B4_slice7-Ort.czi,adult,glp1r,lower
44,32.0,44.21875,1415.0,J995_ARC _B4_slice7-Ort.czi,adult,glp1r,lower
45,12.0,23.916666666666668,287.0,J995_ARC _B4_slice7-Ort.czi,adult,glp1r,lower
46,15.0,35.2,528.0,J995_ARC _B4_slice7-Ort.czi,adult,glp1r,lower
47,56.0,40.25,2254.0,J995_ARC _B4_slice7-Ort.czi,adult,glp1r,lower
48,79.0,28.139240506329113,2223.0,J995_ARC _B4_slice7-Ort.czi,adult,glp1r,lower
49,63.0,26.19047619047619,1650.0,J995_ARC _B4_slice7-Ort.czi,adult,glp1r,lower
50,56.0,36.0,2016.0,J995_ARC _B4_slice7-Ort.czi,adult,glp1r,lower
51,11.0,26.90909090909091,296.0,J995_ARC _B4_slice7-Ort.czi,adult,glp1r,lower
52,461.0,36.47288503253796,16814.0,J995_ARC _B4_slice7-Ort.czi,adult,glp1r,lower
53,29.0,29.96551724137931,869.0,J995_ARC _B4_slice7-Ort.czi,adult,glp1r,lower
54,41.0,26.29268292682927,1078.0,J995_ARC _B4_slice7-Ort.czi,adult,glp1r,lower
55,18.0,29.72222222222222,535.0,J995_ARC _B4_slice7-Ort.czi,adult,glp1r,lower
56,80.0,36.225,2898.0,J995_ARC _B4_slice7-Ort.czi,adult,glp1r,lower
57,20.0,28.7,574.0,J995_ARC _B4_slice7-Ort.czi,adult,glp1r,lower
58,9.0,28.88888888888889,260.0,J995_ARC _B4_slice7-Ort.czi,adult,glp1r,lower
59,48.0,29.479166666666668,1415.0,J995_ARC _B4_slice7-Ort.czi,adult,glp1r,lower
60,104.0,26.653846153846153,2772.0,J995_ARC _B4_slice7-Ort.czi,adult,glp1r,lower
61,185.0,37.24324324324324,6890.0,J995_ARC _B4_slice7-Ort.czi,adult,glp1r,lower
62,152.0,37.776315789473685,5742.0,J995_ARC _B4_slice7-Ort.czi,adult,glp1r,lower
63,28.0,34.214285714285715,958.0,J995_ARC _B4_slice7-Ort.czi,adult,glp1r,lower
64,152.0,39.41447368421053,5991.0,J995_ARC _B4_slice7-Ort.czi,adult,glp1r,lower
65,74.0,36.58108108108108,2707.0,J995_ARC _B4_slice7-Ort.czi,adult,glp1r,lower
66,197.0,33.411167512690355,6582.0,J995_ARC _B4_slice7-Ort.czi,adult,glp1r,lower
67,93.0,40.526881720430104,3768.9999999999995,J995_ARC _B4_slice7-Ort.czi,adult,glp1r,lower
68,5.0,20.0,100.0,J995_ARC _B4_slice7-Ort.czi,adult,glp1r,lower
69,71.0,37.70422535211268,2677.0000000000005,J995_ARC _B4_slice7-Ort.czi,adult,glp1r,lower
70,106.0,30.57547169811321,3241.0,J995_ARC _B4_slice7-Ort.czi,adult,glp1r,lower
1,26.0,181.65384615384616,4723.0,J995_ARC_xxx_slice1-Ort.czi,adult,glp1r,lower
2,2.0,25.5,51.0,J995_ARC_xxx_slice1-Ort.czi,adult,glp1r,lower
3,1.0,207.0,207.0,J995_ARC_xxx_slice1-Ort.czi,adult,glp1r,lower
4,50.0,146.1,7305.0,J995_ARC_xxx_slice1-Ort.czi,adult,glp1r,lower
5,17.0,144.94117647058823,2464.0,J995_ARC_xxx_slice1-Ort.czi,adult,glp1r,lower
6,71.0,209.59154929577466,14881.0,J995_ARC_xxx_slice1-Ort.czi,adult,glp1r,lower
7,26.0,173.46153846153845,4510.0,J995_ARC_xxx_slice1-Ort.czi,adult,glp1r,lower
8,93.0,194.76344086021504,18113.0,J995_ARC_xxx_slice1-Ort.czi,adult,glp1r,lower
9,38.0,185.71052631578948,7057.0,J995_ARC_xxx_slice1-Ort.czi,adult,glp1r,lower
10,9.0,175.0,1575.0,J995_ARC_xxx_slice1-Ort.czi,adult,glp1r,lower
11,8.0,189.875,1519.0,J995_ARC_xxx_slice1-Ort.czi,adult,glp1r,lower
12,32.0,175.9375,5630.0,J995_ARC_xxx_slice1-Ort.czi,adult,glp1r,lower
13,51.0,220.2549019607843,11233.0,J995_ARC_xxx_slice1-Ort.czi,adult,glp1r,lower
14,36.0,185.36111111111111,6673.0,J995_ARC_xxx_slice1-Ort.czi,adult,glp1r,lower
15,96.0,209.35416666666666,20098.0,J995_ARC_xxx_slice1-Ort.czi,adult,glp1r,lower
16,64.0,202.0625,12932.0,J995_ARC_xxx_slice1-Ort.czi,adult,glp1r,lower
17,64.0,186.734375,11951.0,J995_ARC_xxx_slice1-Ort.czi,adult,glp1r,lower
18,17.0,193.64705882352942,3292.0,J995_ARC_xxx_slice1-Ort.czi,adult,glp1r,lower
19,37.0,154.3783783783784,5712.0,J995_ARC_xxx_slice1-Ort.czi,adult,glp1r,lower
1,3.0,171.66666666666666,515.0,K731_ARC _C1_slice2-Ort.czi,adult,glp1r,lower
2,63.0,144.11111111111111,9079.0,K731_ARC _C1_slice2-Ort.czi,adult,glp1r,lower
3,43.0,151.2093023255814,6502.0,K731_ARC _C1_slice2-Ort.czi,adult,glp1r,lower
4,19.0,150.6315789473684,2862.0,K731_ARC _C1_slice2-Ort.czi,adult,glp1r,lower
5,53.0,124.84905660377359,6617.0,K731_ARC _C1_slice2-Ort.czi,adult,glp1r,lower
6,35.0,200.11428571428573,7004.000000000001,K731_ARC _C1_slice2-Ort.czi,adult,glp1r,lower
7,44.0,107.61363636363636,4735.0,K731_ARC _C1_slice2-Ort.czi,adult,glp1r,lower
8,35.0,159.4,5579.0,K731_ARC _C1_slice2-Ort.czi,adult,glp1r,lower
9,26.0,134.0,3484.0,K731_ARC _C1_slice2-Ort.czi,adult,glp1r,lower
10,55.0,201.9090909090909,11105.0,K731_ARC _C1_slice2-Ort.czi,adult,glp1r,lower
11,5.0,131.6,658.0,K731_ARC _C1_slice2-Ort.czi,adult,glp1r,lower
12,12.0,96.25,1155.0,K731_ARC _C1_slice2-Ort.czi,adult,glp1r,lower
13,20.0,191.65,3833.0,K731_ARC _C1_slice2-Ort.czi,adult,glp1r,lower
14,50.0,165.0,8250.0,K731_ARC _C1_slice2-Ort.czi,adult,glp1r,lower
15,8.0,117.875,943.0,K731_ARC _C1_slice2-Ort.czi,adult,glp1r,lower
16,1.0,237.0,237.0,K731_ARC _C1_slice2-Ort.czi,adult,glp1r,lower
17,64.0,123.0,7872.0,K731_ARC _C1_slice2-Ort.czi,adult,glp1r,lower
18,47.0,164.3404255319149,7724.0,K731_ARC _C1_slice2-Ort.czi,adult,glp1r,lower
19,31.0,198.06451612903226,6140.0,K731_ARC _C1_slice2-Ort.czi,adult,glp1r,lower
20,4.0,81.25,325.0,K731_ARC _C1_slice2-Ort.czi,adult,glp1r,lower
21,29.0,128.93103448275863,3739.0000000000005,K731_ARC _C1_slice2-Ort.czi,adult,glp1r,lower
22,15.0,131.86666666666667,1978.0,K731_ARC _C1_slice2-Ort.czi,adult,glp1r,lower
23,73.0,161.86301369863014,11816.0,K731_ARC _C1_slice2-Ort.czi,adult,glp1r,lower
24,26.0,104.5,2717.0,K731_ARC _C1_slice2-Ort.czi,adult,glp1r,lower
25,28.0,127.46428571428571,3569.0,K731_ARC _C1_slice2-Ort.czi,adult,glp1r,lower
26,37.0,132.9189189189189,4917.999999999999,K731_ARC _C1_slice2-Ort.czi,adult,glp1r,lower
27,63.0,110.6984126984127,6974.0,K731_ARC _C1_slice2-Ort.czi,adult,glp1r,lower
28,11.0,122.54545454545455,1348.0,K731_ARC _C1_slice2-Ort.czi,adult,glp1r,lower
29,3.0,73.0,219.0,K731_ARC _C1_slice2-Ort.czi,adult,glp1r,lower
30,66.0,197.07575757575756,13007.0,K731_ARC _C1_slice2-Ort.czi,adult,glp1r,lower
31,39.0,120.43589743589743,4697.0,K731_ARC _C1_slice2-Ort.czi,adult,glp1r,lower
32,30.0,163.53333333333333,4906.0,K731_ARC _C1_slice2-Ort.czi,adult,glp1r,lower
33,23.0,131.04347826086956,3014.0,K731_ARC _C1_slice2-Ort.czi,adult,glp1r,lower
34,71.0,160.16901408450704,11372.0,K731_ARC _C1_slice2-Ort.czi,adult,glp1r,lower
35,24.0,192.83333333333334,4628.0,K731_ARC _C1_slice2-Ort.czi,adult,glp1r,lower
36,24.0,181.79166666666666,4363.0,K731_ARC _C1_slice2-Ort.czi,adult,glp1r,lower
37,156.0,163.21153846153845,25461.0,K731_ARC _C1_slice2-Ort.czi,adult,glp1r,lower
38,48.0,143.02083333333334,6865.0,K731_ARC _C1_slice2-Ort.czi,adult,glp1r,lower
39,31.0,147.29032258064515,4566.0,K731_ARC _C1_slice2-Ort.czi,adult,glp1r,lower
40,1.0,74.0,74.0,K731_ARC _C1_slice2-Ort.czi,adult,glp1r,lower
41,27.0,172.03703703703704,4645.0,K731_ARC _C1_slice2-Ort.czi,adult,glp1r,lower
42,101.0,141.3960396039604,14281.0,K731_ARC _C1_slice2-Ort.czi,adult,glp1r,lower
43,27.0,170.66666666666666,4608.0,K731_ARC _C1_slice2-Ort.czi,adult,glp1r,lower
44,9.0,110.88888888888889,998.0,K731_ARC _C1_slice2-Ort.czi,adult,glp1r,lower
45,33.0,144.1818181818182,4758.0,K731_ARC _C1_slice2-Ort.czi,adult,glp1r,lower
46,26.0,167.8846153846154,4365.0,K731_ARC _C1_slice2-Ort.czi,adult,glp1r,lower
47,122.0,173.62295081967213,21182.0,K731_ARC _C1_slice2-Ort.czi,adult,glp1r,lower
48,41.0,156.65853658536585,6423.0,K731_ARC _C1_slice2-Ort.czi,adult,glp1r,lower
49,73.0,197.95890410958904,14451.0,K731_ARC _C1_slice2-Ort.czi,adult,glp1r,lower
50,39.0,149.5897435897436,5834.0,K731_ARC _C1_slice2-Ort.czi,adult,glp1r,lower
51,3.0,100.0,300.0,K731_ARC _C1_slice2-Ort.czi,adult,glp1r,lower
52,9.0,96.66666666666667,870.0,K731_ARC _C1_slice2-Ort.czi,adult,glp1r,lower
53,17.0,170.0,2890.0,K731_ARC _C1_slice2-Ort.czi,adult,glp1r,lower
54,18.0,180.16666666666666,3243.0,K731_ARC _C1_slice2-Ort.czi,adult,glp1r,lower
55,12.0,138.83333333333334,1666.0,K731_ARC _C1_slice2-Ort.czi,adult,glp1r,lower
56,52.0,179.80769230769232,9350.0,K731_ARC _C1_slice2-Ort.czi,adult,glp1r,lower
57,141.0,183.40425531914894,25860.0,K731_ARC _C1_slice2-Ort.czi,adult,glp1r,lower
58,8.0,82.75,662.0,K731_ARC _C1_slice2-Ort.czi,adult,glp1r,lower
59,60.0,140.43333333333334,8426.0,K731_ARC _C1_slice2-Ort.czi,adult,glp1r,lower
60,28.0,181.75,5089.0,K731_ARC _C1_slice2-Ort.czi,adult,glp1r,lower
61,19.0,166.6315789473684,3166.0,K731_ARC _C1_slice2-Ort.czi,adult,glp1r,lower
62,21.0,101.04761904761905,2122.0,K731_ARC _C1_slice2-Ort.czi,adult,glp1r,lower
63,13.0,141.76923076923077,1843.0,K731_ARC _C1_slice2-Ort.czi,adult,glp1r,lower
64,15.0,167.93333333333334,2519.0,K731_ARC _C1_slice2-Ort.czi,adult,glp1r,lower
65,10.0,110.4,1104.0,K731_ARC _C1_slice2-Ort.czi,adult,glp1r,lower
66,28.0,92.46428571428571,2589.0,K731_ARC _C1_slice2-Ort.czi,adult,glp1r,lower
67,34.0,110.1470588235294,3745.0,K731_ARC _C1_slice2-Ort.czi,adult,glp1r,lower
68,33.0,142.3939393939394,4699.0,K731_ARC _C1_slice2-Ort.czi,adult,glp1r,lower
69,21.0,129.8095238095238,2725.9999999999995,K731_ARC _C1_slice2-Ort.czi,adult,glp1r,lower
70,9.0,118.55555555555556,1067.0,K731_ARC _C1_slice2-Ort.czi,adult,glp1r,lower
71,14.0,132.85714285714286,1860.0,K731_ARC _C1_slice2-Ort.czi,adult,glp1r,lower
72,110.0,137.44545454545454,15119.0,K731_ARC _C1_slice2-Ort.czi,adult,glp1r,lower
73,40.0,159.425,6377.0,K731_ARC _C1_slice2-Ort.czi,adult,glp1r,lower
74,6.0,116.5,699.0,K731_ARC _C1_slice2-Ort.czi,adult,glp1r,lower
75,23.0,151.95652173913044,3495.0,K731_ARC _C1_slice2-Ort.czi,adult,glp1r,lower
76,25.0,159.48,3986.9999999999995,K731_ARC _C1_slice2-Ort.czi,adult,glp1r,lower
77,66.0,162.46969696969697,10723.0,K731_ARC _C1_slice2-Ort.czi,adult,glp1r,lower
78,8.0,146.375,1171.0,K731_ARC _C1_slice2-Ort.czi,adult,glp1r,lower
79,28.0,205.82142857142858,5763.0,K731_ARC _C1_slice2-Ort.czi,adult,glp1r,lower
80,63.0,145.79365079365078,9185.0,K731_ARC _C1_slice2-Ort.czi,adult,glp1r,lower
81,86.0,161.36046511627907,13877.0,K731_ARC _C1_slice2-Ort.czi,adult,glp1r,lower
82,15.0,132.6,1989.0,K731_ARC _C1_slice2-Ort.czi,adult,glp1r,lower
83,94.0,115.17021276595744,10826.0,K731_ARC _C1_slice2-Ort.czi,adult,glp1r,lower
84,75.0,222.65333333333334,16699.0,K731_ARC _C1_slice2-Ort.czi,adult,glp1r,lower
85,54.0,111.0925925925926,5999.0,K731_ARC _C1_slice2-Ort.czi,adult,glp1r,lower
86,54.0,138.5185185185185,7479.999999999999,K731_ARC _C1_slice2-Ort.czi,adult,glp1r,lower
87,8.0,131.125,1049.0,K731_ARC _C1_slice2-Ort.czi,adult,glp1r,lower
1,96.0,91.08333333333333,8744.0,J987_ARC _C3_slice3-Ort.czi,adult,glp1r,lower
2,12.0,99.83333333333333,1198.0,J987_ARC _C3_slice3-Ort.czi,adult,glp1r,lower
3,55.0,89.87272727272727,4943.0,J987_ARC _C3_slice3-Ort.czi,adult,glp1r,lower
4,51.0,57.68627450980392,2942.0,J987_ARC _C3_slice3-Ort.czi,adult,glp1r,lower
5,24.0,88.875,2133.0,J987_ARC _C3_slice3-Ort.czi,adult,glp1r,lower
6,7.0,82.28571428571429,576.0,J987_ARC _C3_slice3-Ort.czi,adult,glp1r,lower
7,101.0,100.96039603960396,10197.0,J987_ARC _C3_slice3-Ort.czi,adult,glp1r,lower
8,17.0,76.6470588235294,1303.0,J987_ARC _C3_slice3-Ort.czi,adult,glp1r,lower
9,11.0,98.63636363636364,1085.0,J987_ARC _C3_slice3-Ort.czi,adult,glp1r,lower
10,50.0,98.06,4903.0,J987_ARC _C3_slice3-Ort.czi,adult,glp1r,lower
11,11.0,61.45454545454545,676.0,J987_ARC _C3_slice3-Ort.czi,adult,glp1r,lower
12,2.0,55.5,111.0,J987_ARC _C3_slice3-Ort.czi,adult,glp1r,lower
13,45.0,72.95555555555555,3282.9999999999995,J987_ARC _C3_slice3-Ort.czi,adult,glp1r,lower
14,33.0,55.696969696969695,1838.0,J987_ARC _C3_slice3-Ort.czi,adult,glp1r,lower
15,58.0,80.43103448275862,4665.0,J987_ARC _C3_slice3-Ort.czi,adult,glp1r,lower
16,32.0,65.0625,2082.0,J987_ARC _C3_slice3-Ort.czi,adult,glp1r,lower
17,46.0,84.58695652173913,3891.0,J987_ARC _C3_slice3-Ort.czi,adult,glp1r,lower
18,124.0,73.99193548387096,9175.0,J987_ARC _C3_slice3-Ort.czi,adult,glp1r,lower
19,86.0,78.6046511627907,6760.0,J987_ARC _C3_slice3-Ort.czi,adult,glp1r,lower
20,78.0,102.93589743589743,8029.0,J987_ARC _C3_slice3-Ort.czi,adult,glp1r,lower
21,24.0,77.79166666666667,1867.0,J987_ARC _C3_slice3-Ort.czi,adult,glp1r,lower
22,13.0,95.15384615384616,1237.0,J987_ARC _C3_slice3-Ort.czi,adult,glp1r,lower
23,19.0,102.10526315789474,1940.0,J987_ARC _C3_slice3-Ort.czi,adult,glp1r,lower
24,136.0,84.50735294117646,11493.0,J987_ARC _C3_slice3-Ort.czi,adult,glp1r,lower
25,107.0,100.03738317757009,10704.0,J987_ARC _C3_slice3-Ort.czi,adult,glp1r,lower
26,64.0,78.359375,5015.0,J987_ARC _C3_slice3-Ort.czi,adult,glp1r,lower
27,67.0,90.59701492537313,6070.0,J987_ARC _C3_slice3-Ort.czi,adult,glp1r,lower
28,13.0,101.23076923076923,1316.0,J987_ARC _C3_slice3-Ort.czi,adult,glp1r,lower
29,21.0,131.0,2751.0,J987_ARC _C3_slice3-Ort.czi,adult,glp1r,lower
30,69.0,83.21739130434783,5742.0,J987_ARC _C3_slice3-Ort.czi,adult,glp1r,lower
31,53.0,81.09433962264151,4298.0,J987_ARC _C3_slice3-Ort.czi,adult,glp1r,lower
32,10.0,65.9,659.0,J987_ARC _C3_slice3-Ort.czi,adult,glp1r,lower
33,61.0,66.18032786885246,4037.0,J987_ARC _C3_slice3-Ort.czi,adult,glp1r,lower
34,66.0,71.4090909090909,4713.0,J987_ARC _C3_slice3-Ort.czi,adult,glp1r,lower
35,53.0,70.77358490566037,3750.9999999999995,J987_ARC _C3_slice3-Ort.czi,adult,glp1r,lower
36,50.0,92.0,4600.0,J987_ARC _C3_slice3-Ort.czi,adult,glp1r,lower
37,29.0,94.55172413793103,2742.0,J987_ARC _C3_slice3-Ort.czi,adult,glp1r,lower
38,77.0,68.64935064935065,5286.0,J987_ARC _C3_slice3-Ort.czi,adult,glp1r,lower
39,58.0,64.48275862068965,3740.0,J987_ARC _C3_slice3-Ort.czi,adult,glp1r,lower
40,79.0,65.10126582278481,5143.0,J987_ARC _C3_slice3-Ort.czi,adult,glp1r,lower
41,21.0,85.52380952380952,1796.0,J987_ARC _C3_slice3-Ort.czi,adult,glp1r,lower
42,54.0,89.81481481481481,4850.0,J987_ARC _C3_slice3-Ort.czi,adult,glp1r,lower
43,7.0,59.142857142857146,414.0,J987_ARC _C3_slice3-Ort.czi,adult,glp1r,lower
44,22.0,113.86363636363636,2505.0,J987_ARC _C3_slice3-Ort.czi,adult,glp1r,lower
45,79.0,68.39240506329114,5403.0,J987_ARC _C3_slice3-Ort.czi,adult,glp1r,lower
46,27.0,70.18518518518519,1895.0000000000002,J987_ARC _C3_slice3-Ort.czi,adult,glp1r,lower
47,45.0,82.2,3699.0,J987_ARC _C3_slice3-Ort.czi,adult,glp1r,lower
48,15.0,68.06666666666666,1021.0,J987_ARC _C3_slice3-Ort.czi,adult,glp1r,lower
49,64.0,87.953125,5629.0,J987_ARC _C3_slice3-Ort.czi,adult,glp1r,lower
50,37.0,102.08108108108108,3777.0,J987_ARC _C3_slice3-Ort.czi,adult,glp1r,lower
51,80.0,75.425,6034.0,J987_ARC _C3_slice3-Ort.czi,adult,glp1r,lower
52,6.0,72.33333333333333,434.0,J987_ARC _C3_slice3-Ort.czi,adult,glp1r,lower
53,82.0,110.8048780487805,9086.0,J987_ARC _C3_slice3-Ort.czi,adult,glp1r,lower
54,148.0,81.82432432432432,12110.0,J987_ARC _C3_slice3-Ort.czi,adult,glp1r,lower
55,84.0,79.41666666666667,6671.0,J987_ARC _C3_slice3-Ort.czi,adult,glp1r,lower
56,47.0,68.04255319148936,3198.0,J987_ARC _C3_slice3-Ort.czi,adult,glp1r,lower
57,106.0,105.12264150943396,11143.0,J987_ARC _C3_slice3-Ort.czi,adult,glp1r,lower
58,64.0,86.78125,5554.0,J987_ARC _C3_slice3-Ort.czi,adult,glp1r,lower
59,31.0,59.87096774193548,1856.0,J987_ARC _C3_slice3-Ort.czi,adult,glp1r,lower
60,22.0,126.31818181818181,2779.0,J987_ARC _C3_slice3-Ort.czi,adult,glp1r,lower
61,11.0,68.9090909090909,758.0,J987_ARC _C3_slice3-Ort.czi,adult,glp1r,lower
62,76.0,95.3157894736842,7244.0,J987_ARC _C3_slice3-Ort.czi,adult,glp1r,lower
63,12.0,62.833333333333336,754.0,J987_ARC _C3_slice3-Ort.czi,adult,glp1r,lower
64,8.0,60.875,487.0,J987_ARC _C3_slice3-Ort.czi,adult,glp1r,lower
65,128.0,86.6015625,11085.0,J987_ARC _C3_slice3-Ort.czi,adult,glp1r,lower
66,32.0,117.1875,3750.0,J987_ARC _C3_slice3-Ort.czi,adult,glp1r,lower
67,51.0,92.80392156862744,4733.0,J987_ARC _C3_slice3-Ort.czi,adult,glp1r,lower
68,4.0,51.75,207.0,J987_ARC _C3_slice3-Ort.czi,adult,glp1r,lower
69,32.0,80.03125,2561.0,J987_ARC _C3_slice3-Ort.czi,adult,glp1r,lower
70,21.0,123.42857142857143,2592.0,J987_ARC _C3_slice3-Ort.czi,adult,glp1r,lower
71,43.0,82.06976744186046,3529.0,J987_ARC _C3_slice3-Ort.czi,adult,glp1r,lower
72,3.0,147.66666666666666,443.0,J987_ARC _C3_slice3-Ort.czi,adult,glp1r,lower
73,65.0,89.44615384615385,5814.0,J987_ARC _C3_slice3-Ort.czi,adult,glp1r,lower
74,87.0,80.48275862068965,7002.0,J987_ARC _C3_slice3-Ort.czi,adult,glp1r,lower
75,20.0,112.9,2258.0,J987_ARC _C3_slice3-Ort.czi,adult,glp1r,lower
76,65.0,111.43076923076923,7243.0,J987_ARC _C3_slice3-Ort.czi,adult,glp1r,lower
77,11.0,99.36363636363636,1093.0,J987_ARC _C3_slice3-Ort.czi,adult,glp1r,lower
78,33.0,112.39393939393939,3709.0,J987_ARC _C3_slice3-Ort.czi,adult,glp1r,lower
79,65.0,80.93846153846154,5261.0,J987_ARC _C3_slice3-Ort.czi,adult,glp1r,lower
80,28.0,60.82142857142857,1703.0,J987_ARC _C3_slice3-Ort.czi,adult,glp1r,lower
81,13.0,75.53846153846153,981.9999999999999,J987_ARC _C3_slice3-Ort.czi,adult,glp1r,lower
82,39.0,103.17948717948718,4024.0,J987_ARC _C3_slice3-Ort.czi,adult,glp1r,lower
83,11.0,79.45454545454545,874.0,J987_ARC _C3_slice3-Ort.czi,adult,glp1r,lower
84,47.0,91.7872340425532,4314.0,J987_ARC _C3_slice3-Ort.czi,adult,glp1r,lower
85,42.0,98.47619047619048,4136.0,J987_ARC _C3_slice3-Ort.czi,adult,glp1r,lower
86,4.0,64.75,259.0,J987_ARC _C3_slice3-Ort.czi,adult,glp1r,lower
87,157.0,94.19745222929936,14789.0,J987_ARC _C3_slice3-Ort.czi,adult,glp1r,lower
88,36.0,64.97222222222223,2339.0,J987_ARC _C3_slice3-Ort.czi,adult,glp1r,lower
89,13.0,77.23076923076923,1004.0,J987_ARC _C3_slice3-Ort.czi,adult,glp1r,lower
90,5.0,56.4,282.0,J987_ARC _C3_slice3-Ort.czi,adult,glp1r,lower
91,11.0,86.63636363636364,953.0,J987_ARC _C3_slice3-Ort.czi,adult,glp1r,lower
92,11.0,83.0,913.0,J987_ARC _C3_slice3-Ort.czi,adult,glp1r,lower
93,90.0,98.71111111111111,8884.0,J987_ARC _C3_slice3-Ort.czi,adult,glp1r,lower
94,65.0,89.43076923076923,5813.0,J987_ARC _C3_slice3-Ort.czi,adult,glp1r,lower
95,69.0,113.26086956521739,7815.0,J987_ARC _C3_slice3-Ort.czi,adult,glp1r,lower
96,21.0,98.33333333333333,2065.0,J987_ARC _C3_slice3-Ort.czi,adult,glp1r,lower
97,4.0,88.0,352.0,J987_ARC _C3_slice3-Ort.czi,adult,glp1r,lower
98,283.0,112.85865724381625,31939.0,J987_ARC _C3_slice3-Ort.czi,adult,glp1r,lower
99,77.0,78.74025974025975,6063.0,J987_ARC _C3_slice3-Ort.czi,adult,glp1r,lower
100,25.0,87.4,2185.0,J987_ARC _C3_slice3-Ort.czi,adult,glp1r,lower
101,21.0,76.14285714285714,1599.0,J987_ARC _C3_slice3-Ort.czi,adult,glp1r,lower
102,92.0,63.01086956521739,5797.0,J987_ARC _C3_slice3-Ort.czi,adult,glp1r,lower
103,9.0,70.22222222222223,632.0,J987_ARC _C3_slice3-Ort.czi,adult,glp1r,lower
104,7.0,162.85714285714286,1140.0,J987_ARC _C3_slice3-Ort.czi,adult,glp1r,lower
105,31.0,84.96774193548387,2634.0,J987_ARC _C3_slice3-Ort.czi,adult,glp1r,lower
106,41.0,77.48780487804878,3177.0,J987_ARC _C3_slice3-Ort.czi,adult,glp1r,lower
107,86.0,110.16279069767442,9474.0,J987_ARC _C3_slice3-Ort.czi,adult,glp1r,lower
108,17.0,123.17647058823529,2094.0,J987_ARC _C3_slice3-Ort.czi,adult,glp1r,lower
109,78.0,100.15384615384616,7812.000000000001,J987_ARC _C3_slice3-Ort.czi,adult,glp1r,lower
110,12.0,77.66666666666667,932.0,J987_ARC _C3_slice3-Ort.czi,adult,glp1r,lower
111,28.0,99.5,2786.0,J987_ARC _C3_slice3-Ort.czi,adult,glp1r,lower
112,17.0,72.70588235294117,1236.0,J987_ARC _C3_slice3-Ort.czi,adult,glp1r,lower
113,61.0,91.8688524590164,5604.0,J987_ARC _C3_slice3-Ort.czi,adult,glp1r,lower
114,45.0,78.0,3510.0,J987_ARC _C3_slice3-Ort.czi,adult,glp1r,lower
115,5.0,63.4,317.0,J987_ARC _C3_slice3-Ort.czi,adult,glp1r,lower
116,16.0,70.0,1120.0,J987_ARC _C3_slice3-Ort.czi,adult,glp1r,lower
117,120.0,79.84166666666667,9581.0,J987_ARC _C3_slice3-Ort.czi,adult,glp1r,lower
118,3.0,47.666666666666664,143.0,J987_ARC _C3_slice3-Ort.czi,adult,glp1r,lower
119,29.0,113.72413793103448,3298.0,J987_ARC _C3_slice3-Ort.czi,adult,glp1r,lower
120,7.0,73.85714285714286,517.0,J987_ARC _C3_slice3-Ort.czi,adult,glp1r,lower
121,47.0,67.63829787234043,3179.0000000000005,J987_ARC _C3_slice3-Ort.czi,adult,glp1r,lower
122,183.0,78.36065573770492,14340.0,J987_ARC _C3_slice3-Ort.czi,adult,glp1r,lower
123,7.0,46.857142857142854,328.0,J987_ARC _C3_slice3-Ort.czi,adult,glp1r,lower
124,36.0,57.52777777777778,2071.0,J987_ARC _C3_slice3-Ort.czi,adult,glp1r,lower
125,28.0,75.60714285714286,2117.0,J987_ARC _C3_slice3-Ort.czi,adult,glp1r,lower
126,35.0,69.57142857142857,2435.0,J987_ARC _C3_slice3-Ort.czi,adult,glp1r,lower
127,93.0,99.91397849462365,9292.0,J987_ARC _C3_slice3-Ort.czi,adult,glp1r,lower
128,104.0,77.84615384615384,8095.999999999999,J987_ARC _C3_slice3-Ort.czi,adult,glp1r,lower
129,28.0,91.64285714285714,2566.0,J987_ARC _C3_slice3-Ort.czi,adult,glp1r,lower
130,42.0,84.42857142857143,3546.0,J987_ARC _C3_slice3-Ort.czi,adult,glp1r,lower
131,104.0,85.9423076923077,8938.0,J987_ARC _C3_slice3-Ort.czi,adult,glp1r,lower
132,9.0,72.0,648.0,J987_ARC _C3_slice3-Ort.czi,adult,glp1r,lower
133,1.0,136.0,136.0,J987_ARC _C3_slice3-Ort.czi,adult,glp1r,lower
134,30.0,78.5,2355.0,J987_ARC _C3_slice3-Ort.czi,adult,glp1r,lower
135,12.0,107.08333333333333,1285.0,J987_ARC _C3_slice3-Ort.czi,adult,glp1r,lower
136,3.0,61.666666666666664,185.0,J987_ARC _C3_slice3-Ort.czi,adult,glp1r,lower
137,48.0,60.5,2904.0,J987_ARC _C3_slice3-Ort.czi,adult,glp1r,lower
138,14.0,90.71428571428571,1270.0,J987_ARC _C3_slice3-Ort.czi,adult,glp1r,lower
139,6.0,71.33333333333333,428.0,J987_ARC _C3_slice3-Ort.czi,adult,glp1r,lower
140,71.0,75.14084507042253,5335.0,J987_ARC _C3_slice3-Ort.czi,adult,glp1r,lower
141,21.0,94.85714285714286,1992.0,J987_ARC _C3_slice3-Ort.czi,adult,glp1r,lower
142,94.0,97.90425531914893,9203.0,J987_ARC _C3_slice3-Ort.czi,adult,glp1r,lower
143,1.0,52.0,52.0,J987_ARC _C3_slice3-Ort.czi,adult,glp1r,lower
144,45.0,77.33333333333333,3480.0,J987_ARC _C3_slice3-Ort.czi,adult,glp1r,lower
145,14.0,75.64285714285714,1059.0,J987_ARC _C3_slice3-Ort.czi,adult,glp1r,lower
146,42.0,63.69047619047619,2675.0,J987_ARC _C3_slice3-Ort.czi,adult,glp1r,lower
147,33.0,73.48484848484848,2425.0,J987_ARC _C3_slice3-Ort.czi,adult,glp1r,lower
148,11.0,227.8181818181818,2506.0,J987_ARC _C3_slice3-Ort.czi,adult,glp1r,lower
149,1.0,76.0,76.0,J987_ARC _C3_slice3-Ort.czi,adult,glp1r,lower
150,7.0,78.0,546.0,J987_ARC _C3_slice3-Ort.czi,adult,glp1r,lower
151,63.0,72.88888888888889,4592.0,J987_ARC _C3_slice3-Ort.czi,adult,glp1r,lower
152,34.0,67.17647058823529,2284.0,J987_ARC _C3_slice3-Ort.czi,adult,glp1r,lower
153,20.0,191.95,3839.0,J987_ARC _C3_slice3-Ort.czi,adult,glp1r,lower
1,80.0,222.5625,17805.0,J995_ARC_B4_slice3-Ort.czi,adult,glp1r,lower
2,1.0,124.0,124.0,J995_ARC_B4_slice3-Ort.czi,adult,glp1r,lower
3,22.0,174.5909090909091,3841.0,J995_ARC_B4_slice3-Ort.czi,adult,glp1r,lower
4,26.0,174.3846153846154,4534.0,J995_ARC_B4_slice3-Ort.czi,adult,glp1r,lower
5,43.0,144.1860465116279,6199.999999999999,J995_ARC_B4_slice3-Ort.czi,adult,glp1r,lower
6,63.0,220.31746031746033,13880.0,J995_ARC_B4_slice3-Ort.czi,adult,glp1r,lower
7,28.0,143.53571428571428,4019.0,J995_ARC_B4_slice3-Ort.czi,adult,glp1r,lower
8,18.0,174.44444444444446,3140.0,J995_ARC_B4_slice3-Ort.czi,adult,glp1r,lower
9,74.0,167.05405405405406,12362.0,J995_ARC_B4_slice3-Ort.czi,adult,glp1r,lower
10,80.0,230.1,18408.0,J995_ARC_B4_slice3-Ort.czi,adult,glp1r,lower
11,3.0,70.33333333333333,211.0,J995_ARC_B4_slice3-Ort.czi,adult,glp1r,lower
12,13.0,124.46153846153847,1618.0,J995_ARC_B4_slice3-Ort.czi,adult,glp1r,lower
13,12.0,148.66666666666666,1784.0,J995_ARC_B4_slice3-Ort.czi,adult,glp1r,lower
14,132.0,197.8030303030303,26110.0,J995_ARC_B4_slice3-Ort.czi,adult,glp1r,lower
15,2.0,155.0,310.0,J995_ARC_B4_slice3-Ort.czi,adult,glp1r,lower
16,177.0,197.090395480226,34885.0,J995_ARC_B4_slice3-Ort.czi,adult,glp1r,lower
17,62.0,164.98387096774192,10229.0,J995_ARC_B4_slice3-Ort.czi,adult,glp1r,lower
18,20.0,160.45,3209.0,J995_ARC_B4_slice3-Ort.czi,adult,glp1r,lower
19,9.0,117.77777777777777,1060.0,J995_ARC_B4_slice3-Ort.czi,adult,glp1r,lower
20,201.0,221.80099502487562,44582.0,J995_ARC_B4_slice3-Ort.czi,adult,glp1r,lower
21,154.0,200.87012987012986,30934.0,J995_ARC_B4_slice3-Ort.czi,adult,glp1r,lower
22,66.0,218.1060606060606,14395.0,J995_ARC_B4_slice3-Ort.czi,adult,glp1r,lower
23,61.0,179.37704918032787,10942.0,J995_ARC_B4_slice3-Ort.czi,adult,glp1r,lower
24,84.0,211.77380952380952,17789.0,J995_ARC_B4_slice3-Ort.czi,adult,glp1r,lower
25,60.0,167.28333333333333,10037.0,J995_ARC_B4_slice3-Ort.czi,adult,glp1r,lower
26,70.0,213.81428571428572,14967.0,J995_ARC_B4_slice3-Ort.czi,adult,glp1r,lower
27,85.0,235.65882352941176,20031.0,J995_ARC_B4_slice3-Ort.czi,adult,glp1r,lower
